Plot Title: 10859612					
#	"Date Time, GMT-05:00"	"Temp, °C (LGR S/N: 10859612, SEN S/N: 10981828)"	"Temp, °C (LGR S/N: 10859612, SEN S/N: 10981830)"	"Water Content, m³/m³ (LGR S/N: 10859612, SEN S/N: 11001911)"	"Water Content, m³/m³ (LGR S/N: 10859612, SEN S/N: 11001913)"
1	2/10/2017 9:00	14.673	15.008	-0.1517	-0.2156
2	2/10/2017 10:00	14.481	14.792	-0.1517	-0.2156
3	2/10/2017 11:00	16.249	15.652	-0.1441	-0.2169
4	2/10/2017 12:00	18.414	17.891	-0.1379	-0.221
5	2/10/2017 13:00	19.722	19.294	-0.1358	-0.2183
6	2/10/2017 14:00	16.32	16.773	-0.0814	-0.1075
7	2/10/2017 15:00	11.321	11.662	0.2347	0.2012
8	2/10/2017 16:00	11.492	11.71	0.2449	0.202
9	2/10/2017 17:00	11.127	11.637	0.252	0.2126
10	2/10/2017 18:00	10.663	10.932	0.2546	0.21
11	2/10/2017 19:00	10.296	10.516	0.255	0.2109
12	2/10/2017 20:00	10.369	10.516	0.2505	0.202
13	2/10/2017 21:00	10.124	10.247	0.2468	0.1923
14	2/10/2017 22:00	9.805	9.805	0.2437	0.1853
15	2/10/2017 23:00	9.977	10.173	0.241	0.1765
16	2/11/2017 0:00	9.952	10.001	0.2406	0.1724
17	2/11/2017 1:00	10.051	10.1	0.2421	0.1695
18	2/11/2017 2:00	10.271	10.026	0.2487	0.1714
19	2/11/2017 3:00	9.928	9.558	0.2646	0.1932
20	2/11/2017 4:00	9.41	8.891	0.2773	0.2117
21	2/11/2017 5:00	9.139	8.519	0.2715	0.2047
22	2/11/2017 6:00	8.767	8.195	0.265	0.1963
23	2/11/2017 7:00	8.145	7.745	0.26	0.1891
24	2/11/2017 8:00	8.145	7.368	0.2567	0.184
25	2/11/2017 9:00	7.695	7.091	0.2546	0.1797
26	2/11/2017 10:00	7.945	7.142	0.2528	0.1762
27	2/11/2017 11:00	8.593	7.444	0.2509	0.1728
28	2/11/2017 12:00	10.59	8.99	0.2487	0.1695
29	2/11/2017 13:00	13.618	11.443	0.2468	0.1656
30	2/11/2017 14:00	14.026	11.88	0.2445	0.1619
31	2/11/2017 15:00	18.937	13.93	0.2421	0.157
32	2/11/2017 16:00	21.652	16.177	0.2399	0.1542
33	2/11/2017 17:00	20.198	13.762	0.2383	0.1514
34	2/11/2017 18:00	12.582	9.238	0.2387	0.1499
35	2/11/2017 19:00	9.163	6.99	0.2406	0.149
36	2/11/2017 20:00	7.895	6.382	0.2425	0.1484
37	2/11/2017 21:00	7.142	6.051	0.2456	0.1484
38	2/11/2017 22:00	6.99	5.719	0.2464	0.1479
39	2/11/2017 23:00	7.041	5.821	0.2456	0.1475
40	2/12/2017 0:00	6.99	5.693	0.2449	0.147
41	2/12/2017 1:00	6.763	5.924	0.2437	0.1459
42	2/12/2017 2:00	6.179	4.921	0.243	0.1459
43	2/12/2017 3:00	6.636	5.668	0.2425	0.145
44	2/12/2017 4:00	6.712	5.591	0.2418	0.1446
45	2/12/2017 5:00	6.763	5.745	0.2414	0.1441
46	2/12/2017 6:00	6.433	5.745	0.241	0.143
47	2/12/2017 7:00	3.38	1.67	0.241	0.1434
48	2/12/2017 8:00	2.61	2.209	0.2414	0.1434
49	2/12/2017 9:00	1.071	-0.339	0.2414	0.1434
50	2/12/2017 10:00	1.208	0.079	0.2414	0.1434
51	2/12/2017 11:00	9.682	6.94	0.2394	0.1405
52	2/12/2017 12:00	18.866	13.233	0.2358	0.1375
53	2/12/2017 13:00	26.158	17.796	0.2335	0.1352
54	2/12/2017 14:00	33.495	21.485	0.2318	0.1321
55	2/12/2017 15:00	31.842	21.748	0.2306	0.1297
56	2/12/2017 16:00	34.334	23.905	0.2286	0.1271
57	2/12/2017 17:00	31.637	22.417	0.2282	0.1251
58	2/12/2017 18:00	28.171	21.223	0.2274	0.1242
59	2/12/2017 19:00	21.628	17.439	0.2269	0.1237
60	2/12/2017 20:00	12.775	13.329	0.2282	0.1242
61	2/12/2017 21:00	7.318	5.334	0.2291	0.1246
62	2/12/2017 22:00	6.026	5.205	0.2294	0.1246
63	2/12/2017 23:00	4.584	3.009	0.2299	0.1251
64	2/13/2017 0:00	3.67	2.021	0.2303	0.1256
65	2/13/2017 1:00	3.221	2.797	0.2306	0.1256
66	2/13/2017 2:00	3.089	2.93	0.2306	0.1256
67	2/13/2017 3:00	2.69	2.262	0.2311	0.1261
68	2/13/2017 4:00	1.886	1.561	0.2311	0.1266
69	2/13/2017 5:00	2.021	2.021	0.2311	0.1266
70	2/13/2017 6:00	2.074	2.021	0.2315	0.1266
71	2/13/2017 7:00	1.886	1.886	0.2311	0.1266
72	2/13/2017 8:00	1.67	1.697	0.2311	0.1266
73	2/13/2017 9:00	1.18	1.18	0.2311	0.1266
74	2/13/2017 10:00	1.724	1.859	0.2306	0.1266
75	2/13/2017 11:00	8.07	7.995	0.2286	0.1251
76	2/13/2017 12:00	19.318	14.266	0.2257	0.1229
77	2/13/2017 13:00	27.235	20.198	0.2229	0.1209
78	2/13/2017 14:00	38.784	26.646	0.2203	0.1199
79	2/13/2017 15:00	34.969	26.182	0.2198	0.1174
80	2/13/2017 16:00	36.661	27.998	0.2182	0.1159
81	2/13/2017 17:00	35.609	27.801	0.2169	0.1133
82	2/13/2017 18:00	32.639	26.061	0.2164	0.1117
83	2/13/2017 19:00	26.5	24.026	0.2156	0.1107
84	2/13/2017 20:00	16.344	18.295	0.2169	0.1112
85	2/13/2017 21:00	9.089	7.745	0.2182	0.1112
86	2/13/2017 22:00	7.192	6.331	0.2182	0.1117
87	2/13/2017 23:00	7.469	8.045	0.2185	0.1128
88	2/14/2017 0:00	7.645	8.369	0.2182	0.1128
89	2/14/2017 1:00	7.116	7.72	0.2185	0.1133
90	2/14/2017 2:00	6.433	6.737	0.2185	0.1133
91	2/14/2017 3:00	5.488	6.23	0.219	0.1133
92	2/14/2017 4:00	5.949	6.357	0.2185	0.1138
93	2/14/2017 5:00	6.433	6.914	0.2185	0.1138
94	2/14/2017 6:00	5.796	5.821	0.219	0.1138
95	2/14/2017 7:00	4.662	4.818	0.219	0.1143
96	2/14/2017 8:00	3.696	4.402	0.2195	0.1143
97	2/14/2017 9:00	2.047	1.126	0.2195	0.1148
98	2/14/2017 10:00	2.182	2.503	0.2198	0.1148
99	2/14/2017 11:00	9.213	9.336	0.2177	0.1138
100	2/14/2017 12:00	22.489	18.057	0.2156	0.1128
101	2/14/2017 13:00	35.102	23.376	0.2117	0.1122
102	2/14/2017 14:00	38.282	26.549	0.2104	0.1112
103	2/14/2017 15:00	40.631	28.816	0.2095	0.1096
104	2/14/2017 16:00	38.421	26.012	0.2095	0.108
105	2/14/2017 17:00	36.878	26.72	0.2092	0.1053
106	2/14/2017 18:00	33.652	26.085	0.2087	0.1025
107	2/14/2017 19:00	28.023	22.92	0.2087	0.1025
108	2/14/2017 20:00	16.225	19.508	0.2095	0.1025
109	2/14/2017 21:00	9.435	6.965	0.2112	0.1025
110	2/14/2017 22:00	8.195	8.245	0.2117	0.1031
111	2/14/2017 23:00	6.788	6.179	0.2122	0.1042
112	2/15/2017 0:00	6.179	5.872	0.2126	0.1047
113	2/15/2017 1:00	5.796	6.128	0.2131	0.1047
114	2/15/2017 2:00	5.231	5.821	0.2131	0.1053
115	2/15/2017 3:00	4.844	5.36	0.2134	0.1058
116	2/15/2017 4:00	4.558	5.024	0.2134	0.1058
117	2/15/2017 5:00	4.74	5.308	0.2134	0.1058
118	2/15/2017 6:00	4.61	5.257	0.2131	0.1064
119	2/15/2017 7:00	4.766	5.36	0.2134	0.1069
120	2/15/2017 8:00	4.402	5.179	0.2131	0.1064
121	2/15/2017 9:00	4.037	4.844	0.2131	0.1064
122	2/15/2017 10:00	3.354	4.194	0.2134	0.1069
123	2/15/2017 11:00	11.248	11.516	0.2117	0.1069
124	2/15/2017 12:00	22.609	17.962	0.2083	0.1058
125	2/15/2017 13:00	27.431	22.441	0.2064	0.1047
126	2/15/2017 14:00	35.877	29.916	0.2035	0.1047
127	2/15/2017 15:00	41.795	29.89	0.202	0.1036
128	2/15/2017 16:00	42.505	32.613	0.2017	0.1014
129	2/15/2017 17:00	39.431	32.587	0.202	0.0986
130	2/15/2017 18:00	24.605	22.753	0.2038	0.0955
131	2/15/2017 19:00	21.294	20.722	0.2035	0.0943
132	2/15/2017 20:00	16.939	22.561	0.2029	0.0937
133	2/15/2017 21:00	10.173	10.296	0.2052	0.0932
134	2/15/2017 22:00	9.04	9.583	0.2052	0.0937
135	2/15/2017 23:00	7.419	7.066	0.2061	0.0937
136	2/16/2017 0:00	7.995	8.767	0.2061	0.0943
137	2/16/2017 1:00	6.864	7.066	0.2061	0.0943
138	2/16/2017 2:00	7.242	8.095	0.2061	0.0949
139	2/16/2017 3:00	7.343	8.469	0.2061	0.0943
140	2/16/2017 4:00	7.041	7.845	0.2061	0.0949
141	2/16/2017 5:00	7.845	9.089	0.2056	0.0949
142	2/16/2017 6:00	6.281	7.318	0.2061	0.0955
143	2/16/2017 7:00	7.72	8.866	0.2061	0.0949
144	2/16/2017 8:00	7.015	8.245	0.2061	0.0949
145	2/16/2017 9:00	6.636	7.82	0.2061	0.0949
146	2/16/2017 10:00	8.27	9.509	0.2056	0.0955
147	2/16/2017 11:00	15.366	15.676	0.2038	0.0949
148	2/16/2017 12:00	17.082	12.992	0.2029	0.0949
149	2/16/2017 13:00	17.011	15.819	0.2017	0.0943
150	2/16/2017 14:00	13.088	11.297	0.2029	0.0926
151	2/16/2017 15:00	12.968	12.485	0.2029	0.092
152	2/16/2017 16:00	11.929	11.759	0.2056	0.0932
153	2/16/2017 17:00	14.816	14.218	0.2029	0.0932
154	2/16/2017 18:00	13.57	12.847	0.2035	0.0926
155	2/16/2017 19:00	11.929	10.907	0.2064	0.0937
156	2/16/2017 20:00	9.386	8.99	0.21	0.0949
157	2/16/2017 21:00	8.99	8.916	0.2092	0.0955
158	2/16/2017 22:00	9.139	8.693	0.2095	0.0961
159	2/16/2017 23:00	8.693	8.494	0.2117	0.0969
160	2/17/2017 0:00	8.841	8.693	0.2161	0.1003
161	2/17/2017 1:00	8.344	8.27	0.2237	0.108
162	2/17/2017 2:00	8.344	8.195	0.2315	0.1209
163	2/17/2017 3:00	8.195	8.07	0.233	0.1246
164	2/17/2017 4:00	8.717	8.519	0.2323	0.1246
165	2/17/2017 5:00	8.519	8.519	0.2311	0.1246
166	2/17/2017 6:00	8.767	8.618	0.233	0.1271
167	2/17/2017 7:00	7.066	6.763	0.2347	0.1312
168	2/17/2017 8:00	6.331	6.484	0.2344	0.1317
169	2/17/2017 9:00	5.616	5.668	0.2434	0.1547
170	2/17/2017 10:00	5.668	5.668	0.2516	0.1849
171	2/17/2017 11:00	6.484	6.306	0.2592	0.2169
172	2/17/2017 12:00	7.494	7.167	0.2673	0.2291
173	2/17/2017 13:00	7.519	7.343	0.2987	0.2987
174	2/17/2017 14:00	7.67	7.594	0.324	0.3128
175	2/17/2017 15:00	7.619	7.544	0.3909	0.3326
176	2/17/2017 16:00	8.095	8.17	0.3964	0.3343
177	2/17/2017 17:00	8.369	8.344	0.36	0.2994
178	2/17/2017 18:00	8.245	8.295	0.3804	0.3001
179	2/17/2017 19:00	7.142	6.965	0.3317	0.2786
180	2/17/2017 20:00	7.142	7.116	0.3178	0.2582
181	2/17/2017 21:00	7.242	7.293	0.3125	0.2494
182	2/17/2017 22:00	7.268	7.192	0.3092	0.2437
183	2/17/2017 23:00	6.94	6.889	0.308	0.2421
184	2/18/2017 0:00	6.484	6.255	0.3051	0.2374
185	2/18/2017 1:00	6.179	6.051	0.3015	0.2306
186	2/18/2017 2:00	5.514	5.719	0.2987	0.2249
187	2/18/2017 3:00	5.128	5.231	0.2955	0.2195
188	2/18/2017 4:00	5.719	5.514	0.2942	0.2174
189	2/18/2017 5:00	4.869	4.298	0.2932	0.2153
190	2/18/2017 6:00	5.102	4.973	0.2922	0.2131
191	2/18/2017 7:00	4.688	4.688	0.2904	0.2104
192	2/18/2017 8:00	4.063	3.932	0.2887	0.2078
193	2/18/2017 9:00	3.433	3.116	0.2874	0.2056
194	2/18/2017 10:00	3.512	4.037	0.2861	0.2035
195	2/18/2017 11:00	12.34	10.271	0.284	0.1981
196	2/18/2017 12:00	16.868	13.882	0.2827	0.1954
197	2/18/2017 13:00	15.39	13.714	0.2813	0.1926
198	2/18/2017 14:00	22.417	19.032	0.28	0.1891
199	2/18/2017 15:00	16.082	12.243	0.2824	0.1895
200	2/18/2017 16:00	22.824	16.987	0.2821	0.1872
201	2/18/2017 17:00	21.604	16.034	0.2806	0.1849
202	2/18/2017 18:00	18.485	13.858	0.2793	0.1836
203	2/18/2017 19:00	22.25	19.555	0.2783	0.1826
204	2/18/2017 20:00	11.443	9.015	0.279	0.1826
205	2/18/2017 21:00	9.485	7.97	0.2786	0.1813
206	2/18/2017 22:00	8.643	7.645	0.278	0.1789
207	2/18/2017 23:00	8.543	7.544	0.2773	0.1783
208	2/19/2017 0:00	8.22	7.217	0.277	0.1779
209	2/19/2017 1:00	8.045	7.015	0.2766	0.1762
210	2/19/2017 2:00	7.895	6.864	0.2763	0.1762
211	2/19/2017 3:00	7.619	6.458	0.2776	0.1765
212	2/19/2017 4:00	7.217	6.408	0.2776	0.1762
213	2/19/2017 5:00	7.318	6.102	0.277	0.1762
214	2/19/2017 6:00	7.192	5.949	0.2773	0.1762
215	2/19/2017 7:00	6.763	5.231	0.2776	0.1762
216	2/19/2017 8:00	6.509	4.973	0.2773	0.1765
217	2/19/2017 9:00	6.382	5.024	0.277	0.1756
218	2/19/2017 10:00	6.712	5.308	0.2766	0.1762
219	2/19/2017 11:00	9.089	7.469	0.2756	0.1756
220	2/19/2017 12:00	22.561	12.751	0.2739	0.1703
221	2/19/2017 13:00	24.195	16.582	0.2726	0.1671
222	2/19/2017 14:00	29.765	21.915	0.2708	0.1629
223	2/19/2017 15:00	36.851	24.919	0.2691	0.1596
224	2/19/2017 16:00	33.027	23.905	0.2694	0.159
225	2/19/2017 17:00	20.484	14.673	0.2694	0.159
226	2/19/2017 18:00	15.605	12.243	0.2694	0.16
227	2/19/2017 19:00	13.305	10.369	0.2701	0.1608
228	2/19/2017 20:00	11.37	9.089	0.2743	0.1623
229	2/19/2017 21:00	10.565	8.916	0.2763	0.1663
230	2/19/2017 22:00	10.075	8.767	0.281	0.1756
231	2/19/2017 23:00	9.608	9.064	0.2803	0.1816
232	2/20/2017 0:00	9.312	9.04	0.2871	0.2126
233	2/20/2017 1:00	9.188	8.99	0.2881	0.2211
234	2/20/2017 2:00	9.435	9.46	0.285	0.2148
235	2/20/2017 3:00	9.361	9.262	0.284	0.21
236	2/20/2017 4:00	9.312	9.163	0.2817	0.2043
237	2/20/2017 5:00	9.435	9.485	0.28	0.1994
238	2/20/2017 6:00	9.534	9.903	0.2786	0.1948
239	2/20/2017 7:00	9.756	10.614	0.278	0.1917
240	2/20/2017 8:00	9.509	10.492	0.2773	0.1895
241	2/20/2017 9:00	9.509	10.663	0.277	0.1866
242	2/20/2017 10:00	9.829	10.98	0.2766	0.1843
243	2/20/2017 11:00	14.936	13.329	0.2756	0.1813
244	2/20/2017 12:00	16.82	14.385	0.2749	0.1783
245	2/20/2017 13:00	24.146	18.985	0.2729	0.1738
246	2/20/2017 14:00	28.295	22.824	0.2712	0.1689
247	2/20/2017 15:00	26.916	22.537	0.2705	0.1634
248	2/20/2017 16:00	27.505	22.705	0.2701	0.1596
249	2/20/2017 17:00	16.296	15.986	0.2708	0.1596
250	2/20/2017 18:00	14.745	14.697	0.2701	0.1581
251	2/20/2017 19:00	13.233	13.69	0.2698	0.157
252	2/20/2017 20:00	12.92	13.473	0.2694	0.157
253	2/20/2017 21:00	10.394	11.37	0.2694	0.157
254	2/20/2017 22:00	9.188	10.443	0.2691	0.157
255	2/20/2017 23:00	9.41	10.785	0.2687	0.1562
256	2/21/2017 0:00	9.089	10.712	0.2684	0.1562
257	2/21/2017 1:00	8.841	9.854	0.268	0.1562
258	2/21/2017 2:00	8.543	9.682	0.268	0.1562
259	2/21/2017 3:00	7.82	8.792	0.2677	0.1558
260	2/21/2017 4:00	7.795	8.99	0.2673	0.1558
261	2/21/2017 5:00	8.668	9.903	0.2673	0.1547
262	2/21/2017 6:00	9.015	10.173	0.267	0.1542
263	2/21/2017 7:00	8.941	9.928	0.2666	0.1532
264	2/21/2017 8:00	9.854	10.712	0.2664	0.1532
265	2/21/2017 9:00	9.879	10.761	0.2664	0.1523
266	2/21/2017 10:00	10.761	11.516	0.266	0.1519
267	2/21/2017 11:00	13.064	13.522	0.2653	0.1503
268	2/21/2017 12:00	13.594	14.002	0.265	0.1495
269	2/21/2017 13:00	14.816	15.127	0.2646	0.1484
270	2/21/2017 14:00	17.249	17.249	0.2635	0.147
271	2/21/2017 15:00	22.92	20.555	0.2621	0.145
272	2/21/2017 16:00	22.465	20.15	0.2618	0.1434
273	2/21/2017 17:00	15.843	15.939	0.2628	0.1441
274	2/21/2017 18:00	14.577	15.079	0.2624	0.1441
275	2/21/2017 19:00	14.098	14.433	0.2621	0.1434
276	2/21/2017 20:00	11.565	12.703	0.2621	0.1441
277	2/21/2017 21:00	8.593	9.558	0.2624	0.1446
278	2/21/2017 22:00	7.619	8.469	0.2624	0.145
279	2/21/2017 23:00	5.821	7.116	0.2621	0.1455
280	2/22/2017 0:00	6.357	6.889	0.2618	0.1455
281	2/22/2017 1:00	4.115	4.089	0.2621	0.1459
282	2/22/2017 2:00	3.221	2.021	0.2621	0.1466
283	2/22/2017 3:00	2.877	2.61	0.2621	0.1466
284	2/22/2017 4:00	2.155	0.934	0.2624	0.147
285	2/22/2017 5:00	1.289	0.384	0.2624	0.147
286	2/22/2017 6:00	0.742	0.051	0.2628	0.147
287	2/22/2017 7:00	3.958	3.301	0.2635	0.1484
288	2/22/2017 8:00	4.636	4.089	0.2639	0.1479
289	2/22/2017 9:00	4.921	4.272	0.2646	0.1479
290	2/22/2017 10:00	4.48	3.67	0.2653	0.1479
291	2/22/2017 11:00	8.369	7.041	0.2646	0.147
292	2/22/2017 12:00	17.201	11.005	0.2632	0.1446
293	2/22/2017 13:00	16.773	8.817	0.2632	0.1434
294	2/22/2017 14:00	16.677	9.928	0.2635	0.1434
295	2/22/2017 15:00	14.936	10.247	0.2632	0.1425
296	2/22/2017 16:00	20.746	13.016	0.2624	0.1416
297	2/22/2017 17:00	23.184	15.342	0.2615	0.1405
298	2/22/2017 18:00	26.158	18.675	0.2611	0.1416
299	2/22/2017 19:00	9.731	7.97	0.2621	0.1421
300	2/22/2017 20:00	6.433	6.179	0.2621	0.1425
301	2/22/2017 21:00	4.063	4.454	0.2624	0.1434
302	2/22/2017 22:00	2.45	2.956	0.2624	0.1441
303	2/22/2017 23:00	3.591	3.248	0.2621	0.1446
304	2/23/2017 0:00	2.664	2.316	0.2621	0.1446
305	2/23/2017 1:00	3.195	2.903	0.2621	0.145
306	2/23/2017 2:00	2.155	2.584	0.2621	0.145
307	2/23/2017 3:00	2.262	1.751	0.2677	0.1446
308	2/23/2017 4:00	3.195	2.209	0.2582	0.1441
309	2/23/2017 5:00	3.301	2.155	0.2571	0.1441
310	2/23/2017 6:00	2.983	1.778	0.2567	0.1441
311	2/23/2017 7:00	2.584	1.208	0.2564	0.1441
312	2/23/2017 8:00	1.724	0.384	0.2564	0.1441
313	2/23/2017 9:00	0.934	-0.283	0.2567	0.1441
314	2/23/2017 10:00	0.907	-0.563	0.2564	0.1441
315	2/23/2017 11:00	6.94	3.459	0.2553	0.1425
316	2/23/2017 12:00	25.939	13.81	0.2528	0.1396
317	2/23/2017 13:00	25.089	12.268	0.252	0.137
318	2/23/2017 14:00	26.989	16.987	0.2524	0.1366
319	2/23/2017 15:00	26.451	11.832	0.2505	0.1347
320	2/23/2017 16:00	24.823	10.345	0.2512	0.1335
321	2/23/2017 17:00	28.345	17.653	0.2505	0.1342
322	2/23/2017 18:00	22.992	12.243	0.2509	0.1352
323	2/23/2017 19:00	17.891	10.467	0.2509	0.1366
324	2/23/2017 20:00	5.693	6.737	0.2516	0.1382
325	2/23/2017 21:00	1.913	0.329	0.2528	0.1391
326	2/23/2017 22:00	0.246	-1.1	0.2528	0.14
327	2/23/2017 23:00	-0.199	-3.36	0.2528	0.1405
328	2/24/2017 0:00	-1.384	-4.348	0.2528	0.1412
329	2/24/2017 1:00	-1.814	-3.687	0.2528	0.1416
330	2/24/2017 2:00	-2.392	-5.574	0.2528	0.1421
331	2/24/2017 3:00	-2.479	-3.926	0.2524	0.1425
332	2/24/2017 4:00	-2.742	-5.079	0.252	0.1425
333	2/24/2017 5:00	-2.976	-5.48	0.252	0.1421
334	2/24/2017 6:00	-3.212	-5.854	0.252	0.1425
335	2/24/2017 7:00	-3.006	-4.865	0.252	0.1425
336	2/24/2017 8:00	-3.508	-6.77	0.252	0.143
337	2/24/2017 9:00	-3.094	-4.804	0.2512	0.143
338	2/24/2017 10:00	-2.508	-3.301	0.2512	0.143
339	2/24/2017 11:00	7.293	3.749	0.2498	0.1405
340	2/24/2017 12:00	15.533	10.222	0.2487	0.137
341	2/24/2017 13:00	26.573	14.768	0.2479	0.1347
342	2/24/2017 14:00	31.179	18.723	0.2464	0.1321
343	2/24/2017 15:00	32.742	19.984	0.2456	0.1307
344	2/24/2017 16:00	31.919	20.031	0.2456	0.1297
345	2/24/2017 17:00	31.001	20.412	0.2456	0.1285
346	2/24/2017 18:00	27.235	19.08	0.2456	0.1297
347	2/24/2017 19:00	21.795	17.653	0.246	0.1307
348	2/24/2017 20:00	8.965	12.171	0.2479	0.1317
349	2/24/2017 21:00	3.116	2.101	0.2494	0.1331
350	2/24/2017 22:00	0.962	-0.591	0.2498	0.1342
351	2/24/2017 23:00	0.079	-0.507	0.2498	0.1352
352	2/25/2017 0:00	-0.648	-1.584	0.2498	0.1357
353	2/25/2017 1:00	-1.242	-2.247	0.2498	0.1361
354	2/25/2017 2:00	-1.641	-1.9	0.2498	0.1361
355	2/25/2017 3:00	-2.189	-2.976	0.2494	0.1366
356	2/25/2017 4:00	-2.363	-2.888	0.2494	0.1366
357	2/25/2017 5:00	-2.625	-2.888	0.2494	0.137
358	2/25/2017 6:00	-2.83	-3.065	0.2494	0.137
359	2/25/2017 7:00	-3.006	-3.301	0.249	0.137
360	2/25/2017 8:00	-3.153	-3.956	0.2494	0.1375
361	2/25/2017 9:00	-3.242	-3.479	0.249	0.1375
362	2/25/2017 10:00	-2.334	-1.27	0.2487	0.1375
363	2/25/2017 11:00	11.734	8.618	0.2464	0.1347
364	2/25/2017 12:00	20.555	11.977	0.2452	0.1321
365	2/25/2017 13:00	21.27	13.642	0.2445	0.1297
366	2/25/2017 14:00	30.016	20.079	0.2425	0.1276
367	2/25/2017 15:00	27.875	18.747	0.2434	0.1261
368	2/25/2017 16:00	18.985	13.786	0.2445	0.1256
369	2/25/2017 17:00	13.401	11.005	0.2449	0.1256
370	2/25/2017 18:00	13.112	10.247	0.2452	0.1256
371	2/25/2017 19:00	11.248	8.319	0.2452	0.1261
372	2/25/2017 20:00	8.27	6.179	0.2456	0.1261
373	2/25/2017 21:00	4.402	2.503	0.246	0.1271
374	2/25/2017 22:00	0.962	-1.185	0.2468	0.1281
375	2/25/2017 23:00	0.715	-0.367	0.2468	0.1285
376	2/26/2017 0:00	-0.451	-1.27	0.2471	0.1297
377	2/26/2017 1:00	-0.143	-1.356	0.2471	0.1297
378	2/26/2017 2:00	1.643	0.687	0.2464	0.1297
379	2/26/2017 3:00	2.209	1.67	0.2464	0.1297
380	2/26/2017 4:00	2.823	2.101	0.246	0.1297
381	2/26/2017 5:00	2.047	1.453	0.2471	0.1302
382	2/26/2017 6:00	2.396	1.994	0.2475	0.1302
383	2/26/2017 7:00	2.074	1.643	0.2494	0.1312
384	2/26/2017 8:00	2.37	1.94	0.2509	0.1321
385	2/26/2017 9:00	0.66	0.273	0.2512	0.1326
386	2/26/2017 10:00	1.317	1.94	0.2516	0.1326
387	2/26/2017 11:00	7.167	5.514	0.2502	0.1312
388	2/26/2017 12:00	12.219	8.145	0.2494	0.1302
389	2/26/2017 13:00	26.451	16.534	0.2452	0.1281
390	2/26/2017 14:00	30.217	17.486	0.2456	0.1271
391	2/26/2017 15:00	33.157	21.987	0.2434	0.1261
392	2/26/2017 16:00	33.861	23.184	0.2434	0.1246
393	2/26/2017 17:00	31.535	21.509	0.2434	0.1237
394	2/26/2017 18:00	30.369	20.46	0.243	0.1237
395	2/26/2017 19:00	16.868	11.467	0.2449	0.1242
396	2/26/2017 20:00	11.37	9.287	0.2452	0.1246
397	2/26/2017 21:00	7.82	6.357	0.246	0.1251
398	2/26/2017 22:00	4.895	3.195	0.2464	0.1261
399	2/26/2017 23:00	6.102	4.61	0.2379	0.1266
400	2/27/2017 0:00	6.331	5.282	0.2374	0.1266
401	2/27/2017 1:00	2.797	0.412	0.2383	0.1271
402	2/27/2017 2:00	1.994	1.371	0.2387	0.1281
403	2/27/2017 3:00	0.88	-0.255	0.2387	0.1281
404	2/27/2017 4:00	3.433	2.557	0.2383	0.1281
405	2/27/2017 5:00	4.324	3.009	0.2379	0.1281
406	2/27/2017 6:00	4.662	2.983	0.2379	0.1276
407	2/27/2017 7:00	4.246	2.85	0.2374	0.1281
408	2/27/2017 8:00	3.643	2.477	0.2379	0.1276
409	2/27/2017 9:00	3.696	2.717	0.2374	0.1281
410	2/27/2017 10:00	3.775	2.956	0.2374	0.1276
411	2/27/2017 11:00	6.763	5.154	0.2371	0.1271
412	2/27/2017 12:00	11.224	9.534	0.2358	0.1266
413	2/27/2017 13:00	14.912	12.896	0.2347	0.1251
414	2/27/2017 14:00	23.617	18.533	0.233	0.1242
415	2/27/2017 15:00	20.365	13.978	0.2335	0.1229
416	2/27/2017 16:00	15.915	10.712	0.2344	0.1229
417	2/27/2017 17:00	15.629	10.149	0.2347	0.1229
418	2/27/2017 18:00	16.201	11.2	0.2339	0.1229
419	2/27/2017 19:00	11.127	7.494	0.2351	0.1229
420	2/27/2017 20:00	8.145	5.821	0.2355	0.1229
421	2/27/2017 21:00	3.327	2.047	0.2363	0.1242
422	2/27/2017 22:00	4.48	3.38	0.2358	0.1251
423	2/27/2017 23:00	2.289	0.135	0.2363	0.1251
424	2/28/2017 0:00	4.558	3.301	0.2358	0.1251
425	2/28/2017 1:00	4.688	3.538	0.2358	0.1251
426	2/28/2017 2:00	4.74	3.985	0.2355	0.1256
427	2/28/2017 3:00	4.636	3.88	0.2355	0.1256
428	2/28/2017 4:00	3.221	2.797	0.2363	0.1256
429	2/28/2017 5:00	2.797	2.289	0.2363	0.1256
430	2/28/2017 6:00	1.262	0.66	0.2367	0.1261
431	2/28/2017 7:00	0.079	-0.339	0.2367	0.1261
432	2/28/2017 8:00	-1.157	-2.102	0.2371	0.1266
433	2/28/2017 9:00	-1.986	-3.538	0.2371	0.1266
434	2/28/2017 10:00	-0.451	-0.311	0.2367	0.1266
435	2/28/2017 11:00	12.413	9.064	0.233	0.1242
436	2/28/2017 12:00	21.557	15.581	0.2306	0.1219
437	2/28/2017 13:00	30.117	16.463	0.2303	0.1209
438	2/28/2017 14:00	33.027	18.913	0.2303	0.1199
439	2/28/2017 15:00	33.574	18.152	0.2303	0.1189
440	2/28/2017 16:00	33.469	21.748	0.2294	0.1179
441	2/28/2017 17:00	31.791	20.222	0.2299	0.1164
442	2/28/2017 18:00	28.171	18.081	0.2303	0.1159
443	2/28/2017 19:00	22.393	14.026	0.2306	0.1164
444	2/28/2017 20:00	9.829	9.854	0.2323	0.1169
445	2/28/2017 21:00	4.324	3.248	0.2339	0.1174
446	2/28/2017 22:00	2.289	0.962	0.2344	0.1184
447	2/28/2017 23:00	0.715	-2.015	0.2347	0.1189
448	3/1/2017 0:00	0.19	-2.073	0.2347	0.1194
449	3/1/2017 1:00	-0.535	-2.044	0.2347	0.1199
450	3/1/2017 2:00	-1.071	-2.537	0.2351	0.1204
451	3/1/2017 3:00	-1.413	-2.247	0.2347	0.1204
452	3/1/2017 4:00	-1.441	-2.015	0.2347	0.1209
453	3/1/2017 5:00	-1.9	-2.654	0.2347	0.1209
454	3/1/2017 6:00	-2.015	-2.45	0.2347	0.1209
455	3/1/2017 7:00	-2.218	-2.508	0.2347	0.1209
456	3/1/2017 8:00	-2.566	-3.006	0.2347	0.1209
457	3/1/2017 9:00	-2.859	-3.39	0.2347	0.1209
458	3/1/2017 10:00	-0.732	0.218	0.2344	0.1209
459	3/1/2017 11:00	9.485	6.535	0.2318	0.1199
460	3/1/2017 12:00	22.609	15.652	0.2282	0.1179
461	3/1/2017 13:00	28.543	21.509	0.2266	0.1169
462	3/1/2017 14:00	32.587	23.881	0.2262	0.1159
463	3/1/2017 15:00	34.019	24.05	0.2257	0.1148
464	3/1/2017 16:00	33.887	23.256	0.2266	0.1133
465	3/1/2017 17:00	32.872	23.785	0.2266	0.1107
466	3/1/2017 18:00	29.265	21.891	0.2266	0.1096
467	3/1/2017 19:00	23.232	18.723	0.2266	0.1091
468	3/1/2017 20:00	11.88	14.29	0.2282	0.1096
469	3/1/2017 21:00	6.128	5.642	0.2303	0.1101
470	3/1/2017 22:00	3.617	0.934	0.2311	0.1107
471	3/1/2017 23:00	1.94	-0.704	0.2315	0.1117
472	3/2/2017 0:00	1.967	1.208	0.2315	0.1117
473	3/2/2017 1:00	0.934	-0.004	0.2315	0.1122
474	3/2/2017 2:00	0.329	-0.507	0.2318	0.1128
475	3/2/2017 3:00	-0.199	-0.873	0.2318	0.1128
476	3/2/2017 4:00	-0.479	-1.015	0.2318	0.1133
477	3/2/2017 5:00	-1.043	-2.015	0.2318	0.1133
478	3/2/2017 6:00	-1.27	-2.131	0.2318	0.1133
479	3/2/2017 7:00	-1.814	-2.859	0.2323	0.1133
480	3/2/2017 8:00	-1.785	-2.334	0.2318	0.1133
481	3/2/2017 9:00	-2.218	-2.8	0.2323	0.1133
482	3/2/2017 10:00	-0.171	-0.451	0.2318	0.1133
483	3/2/2017 11:00	12.509	8.941	0.2286	0.1128
484	3/2/2017 12:00	22.585	20.103	0.2245	0.1112
485	3/2/2017 13:00	28.617	20.341	0.2232	0.1112
486	3/2/2017 14:00	34.334	27.875	0.2224	0.1107
487	3/2/2017 15:00	37.949	30.849	0.2211	0.1096
488	3/2/2017 16:00	37.261	29.74	0.2219	0.108
489	3/2/2017 17:00	33.861	26.793	0.2229	0.1058
490	3/2/2017 18:00	26.207	21.819	0.2229	0.1031
491	3/2/2017 19:00	27.998	23.737	0.2216	0.1031
492	3/2/2017 20:00	13.81	18.39	0.2237	0.102
493	3/2/2017 21:00	6.889	5.975	0.2269	0.1025
494	3/2/2017 22:00	4.246	2.744	0.2277	0.1031
495	3/2/2017 23:00	2.956	1.425	0.2282	0.1036
496	3/3/2017 0:00	3.009	2.717	0.2277	0.1042
497	3/3/2017 1:00	1.615	0.632	0.2277	0.1042
498	3/3/2017 2:00	1.099	0.77	0.2282	0.1047
499	3/3/2017 3:00	0.439	0.273	0.2282	0.1047
500	3/3/2017 4:00	-0.367	-0.732	0.2286	0.1047
501	3/3/2017 5:00	-0.676	-0.648	0.2282	0.1047
502	3/3/2017 6:00	-1.327	-1.727	0.2286	0.1053
503	3/3/2017 7:00	-1.842	-2.218	0.2286	0.1053
504	3/3/2017 8:00	-2.189	-2.044	0.2286	0.1053
505	3/3/2017 9:00	-1.929	-1.185	0.2286	0.1053
506	3/3/2017 10:00	0.66	2.877	0.2277	0.1053
507	3/3/2017 11:00	14.314	12.074	0.2241	0.1047
508	3/3/2017 12:00	23.641	22.92	0.2203	0.1047
509	3/3/2017 13:00	31.331	26.182	0.219	0.1047
510	3/3/2017 14:00	36.146	30.091	0.2182	0.1042
511	3/3/2017 15:00	35.823	30.117	0.2182	0.1025
512	3/3/2017 16:00	36.987	30.469	0.2177	0.1014
513	3/3/2017 17:00	35.102	29.14	0.2177	0.0981
514	3/3/2017 18:00	33.131	29.715	0.2174	0.0955
515	3/3/2017 19:00	26.965	25.817	0.2174	0.0937
516	3/3/2017 20:00	14.792	20.46	0.219	0.0932
517	3/3/2017 21:00	8.195	6.611	0.2216	0.0926
518	3/3/2017 22:00	6.077	5.514	0.2224	0.0926
519	3/3/2017 23:00	5.668	6.382	0.2224	0.0926
520	3/4/2017 0:00	5.282	6.102	0.2224	0.0926
521	3/4/2017 1:00	4.584	5.462	0.2224	0.0926
522	3/4/2017 2:00	4.376	4.973	0.2224	0.0932
523	3/4/2017 3:00	4.454	4.921	0.2219	0.0926
524	3/4/2017 4:00	4.063	4.063	0.2219	0.0932
525	3/4/2017 5:00	4.48	5.514	0.2219	0.0932
526	3/4/2017 6:00	3.433	4.48	0.2219	0.0926
527	3/4/2017 7:00	2.77	3.643	0.2219	0.0926
528	3/4/2017 8:00	2.155	3.248	0.2219	0.0926
529	3/4/2017 9:00	0.19	0.687	0.2224	0.0926
530	3/4/2017 10:00	3.301	4.272	0.2216	0.0926
531	3/4/2017 11:00	13.353	12.558	0.2182	0.0926
532	3/4/2017 12:00	22.992	21.103	0.2148	0.0937
533	3/4/2017 13:00	27.038	23.472	0.2134	0.0937
534	3/4/2017 14:00	31.51	26.622	0.2126	0.0932
535	3/4/2017 15:00	29.966	27.333	0.2117	0.092
536	3/4/2017 16:00	37.069	31.535	0.2109	0.0914
537	3/4/2017 17:00	35.448	29.49	0.2112	0.0881
538	3/4/2017 18:00	30.091	27.038	0.2117	0.085
539	3/4/2017 19:00	21.509	20.293	0.2122	0.0835
540	3/4/2017 20:00	14.816	15.079	0.2134	0.0829
541	3/4/2017 21:00	8.817	8.742	0.2153	0.0816
542	3/4/2017 22:00	7.393	8.27	0.2148	0.081
543	3/4/2017 23:00	7.041	8.045	0.2148	0.081
544	3/5/2017 0:00	6.737	7.77	0.2148	0.081
545	3/5/2017 1:00	6.179	7.469	0.2143	0.081
546	3/5/2017 2:00	4.61	5.514	0.2143	0.0803
547	3/5/2017 3:00	2.155	2.823	0.2148	0.0803
548	3/5/2017 4:00	2.262	0.934	0.2148	0.0803
549	3/5/2017 5:00	1.94	2.503	0.2153	0.0803
550	3/5/2017 6:00	2.61	1.967	0.2148	0.081
551	3/5/2017 7:00	0.384	-1.128	0.2156	0.081
552	3/5/2017 8:00	-0.451	-0.902	0.2156	0.0803
553	3/5/2017 9:00	0.632	0.66	0.2156	0.081
554	3/5/2017 10:00	3.168	2.557	0.2148	0.0816
555	3/5/2017 11:00	8.643	7.594	0.2126	0.0829
556	3/5/2017 12:00	9.78	9.632	0.2126	0.0816
557	3/5/2017 13:00	9.089	7.92	0.2126	0.0816
558	3/5/2017 14:00	9.952	10.296	0.2126	0.0822
559	3/5/2017 15:00	16.439	11.346	0.2117	0.0835
560	3/5/2017 16:00	32.794	21.008	0.2087	0.0863
561	3/5/2017 17:00	16.106	8.444	0.2117	0.0816
562	3/5/2017 18:00	14.409	10.785	0.2117	0.0797
563	3/5/2017 19:00	20.984	16.439	0.2092	0.0781
564	3/5/2017 20:00	7.469	10.1	0.2109	0.0775
565	3/5/2017 21:00	1.994	2.37	0.2131	0.0768
566	3/5/2017 22:00	-0.199	0.356	0.2134	0.0762
567	3/5/2017 23:00	-1.47	-3.124	0.2139	0.0762
568	3/6/2017 0:00	-2.392	-4.076	0.2143	0.0762
569	3/6/2017 1:00	1.017	0.024	0.2134	0.0775
570	3/6/2017 2:00	2.637	1.67	0.2131	0.0781
571	3/6/2017 3:00	1.262	0.66	0.2131	0.0781
572	3/6/2017 4:00	1.371	0.522	0.2134	0.0781
573	3/6/2017 5:00	1.071	-0.032	0.2134	0.0781
574	3/6/2017 6:00	0.55	-0.62	0.2134	0.0781
575	3/6/2017 7:00	0.024	-0.845	0.2139	0.0781
576	3/6/2017 8:00	0.412	-0.395	0.2134	0.0781
577	3/6/2017 9:00	-0.986	-1.842	0.2139	0.0781
578	3/6/2017 10:00	0.218	-0.479	0.2139	0.0781
579	3/6/2017 11:00	15.772	12.678	0.21	0.081
580	3/6/2017 12:00	23.112	17.177	0.2073	0.0822
581	3/6/2017 13:00	29.865	19.341	0.2064	0.0841
582	3/6/2017 14:00	33.313	20.484	0.2061	0.0841
583	3/6/2017 15:00	35.422	21.963	0.2061	0.0835
584	3/6/2017 16:00	35.77	19.056	0.2064	0.081
585	3/6/2017 17:00	32.742	19.555	0.2061	0.0762
586	3/6/2017 18:00	29.54	18.105	0.2056	0.0725
587	3/6/2017 19:00	24.146	16.725	0.2052	0.0708
588	3/6/2017 20:00	9.558	11.005	0.2064	0.0708
589	3/6/2017 21:00	3.485	2.423	0.2092	0.0702
590	3/6/2017 22:00	0.605	-1.727	0.2095	0.0695
591	3/6/2017 23:00	-0.507	-2.8	0.21	0.0695
592	3/7/2017 0:00	-1.1	-3.242	0.21	0.0695
593	3/7/2017 1:00	-1.327	-2.421	0.21	0.0702
594	3/7/2017 2:00	-1.641	-2.625	0.21	0.0702
595	3/7/2017 3:00	-1.47	-1.986	0.21	0.0702
596	3/7/2017 4:00	-1.613	-1.699	0.21	0.0702
597	3/7/2017 5:00	-1.785	-2.015	0.21	0.0702
598	3/7/2017 6:00	-2.073	-2.16	0.21	0.0702
599	3/7/2017 7:00	-2.305	-2.392	0.21	0.0702
600	3/7/2017 8:00	-2.334	-2.45	0.21	0.0708
601	3/7/2017 9:00	-2.247	-2.218	0.21	0.0708
602	3/7/2017 10:00	3.301	2.823	0.2092	0.0715
603	3/7/2017 11:00	13.401	10.369	0.2056	0.0738
604	3/7/2017 12:00	20.817	15.629	0.2026	0.0758
605	3/7/2017 13:00	30.545	22.729	0.2008	0.0787
606	3/7/2017 14:00	31.791	22.681	0.2012	0.0781
607	3/7/2017 15:00	32.484	21.652	0.2012	0.0768
608	3/7/2017 16:00	31.484	23.136	0.2003	0.0745
609	3/7/2017 17:00	31.919	24.46	0.1994	0.0715
610	3/7/2017 18:00	30.142	22.872	0.199	0.0678
611	3/7/2017 19:00	22.872	18.866	0.199	0.066
612	3/7/2017 20:00	11.589	13.546	0.1999	0.0646
613	3/7/2017 21:00	5.975	5.565	0.2017	0.0632
614	3/7/2017 22:00	3.063	0.934	0.2026	0.0632
615	3/7/2017 23:00	3.274	3.485	0.2026	0.0632
616	3/8/2017 0:00	1.886	1.18	0.2026	0.0628
617	3/8/2017 1:00	1.453	0.163	0.2026	0.0632
618	3/8/2017 2:00	1.235	1.126	0.2026	0.0632
619	3/8/2017 3:00	0.797	0.439	0.2026	0.0632
620	3/8/2017 4:00	0.55	0.246	0.2026	0.0632
621	3/8/2017 5:00	0.412	0.412	0.2026	0.0632
622	3/8/2017 6:00	-0.116	-0.479	0.2026	0.0632
623	3/8/2017 7:00	-0.143	-0.032	0.2026	0.0632
624	3/8/2017 8:00	-0.283	-0.423	0.2026	0.0632
625	3/8/2017 9:00	-0.423	-0.563	0.2026	0.0628
626	3/8/2017 10:00	2.637	2.61	0.202	0.0639
627	3/8/2017 11:00	16.654	15.199	0.1981	0.0671
628	3/8/2017 12:00	26.182	19.555	0.1954	0.0695
629	3/8/2017 13:00	32.82	25.04	0.1935	0.0725
630	3/8/2017 14:00	36.173	26.622	0.1935	0.0732
631	3/8/2017 15:00	35.049	24.508	0.1935	0.0715
632	3/8/2017 16:00	36.227	26.916	0.1923	0.0691
633	3/8/2017 17:00	33.861	24.75	0.1923	0.0639
634	3/8/2017 18:00	30.268	22.992	0.1913	0.0599
635	3/8/2017 19:00	25.331	21.963	0.1904	0.0581
636	3/8/2017 20:00	13.088	17.439	0.1917	0.057
637	3/8/2017 21:00	7.82	7.945	0.1935	0.0555
638	3/8/2017 22:00	4.895	3.88	0.1945	0.0547
639	3/8/2017 23:00	4.402	4.115	0.1945	0.0547
640	3/9/2017 0:00	4.376	4.714	0.1939	0.0547
641	3/9/2017 1:00	3.274	3.089	0.1939	0.0547
642	3/9/2017 2:00	1.967	0.439	0.1945	0.0547
643	3/9/2017 3:00	2.209	2.316	0.1945	0.0547
644	3/9/2017 4:00	1.886	1.967	0.1945	0.0547
645	3/9/2017 5:00	2.074	2.423	0.1939	0.0547
646	3/9/2017 6:00	1.778	2.047	0.1939	0.0547
647	3/9/2017 7:00	0.797	1.126	0.1945	0.0544
648	3/9/2017 8:00	0.852	1.235	0.1945	0.0544
649	3/9/2017 9:00	0.329	0.467	0.1945	0.0544
650	3/9/2017 10:00	5.642	5.949	0.1935	0.0562
651	3/9/2017 11:00	16.82	13.81	0.1898	0.0588
652	3/9/2017 12:00	26.94	21.676	0.1862	0.0614
653	3/9/2017 13:00	35.823	29.464	0.1843	0.066
654	3/9/2017 14:00	39.601	30.066	0.184	0.0664
655	3/9/2017 15:00	41.443	30.217	0.1826	0.0653
656	3/9/2017 16:00	41.152	32.691	0.1816	0.0628
657	3/9/2017 17:00	38.476	30.621	0.1813	0.0574
658	3/9/2017 18:00	35.315	29.315	0.1803	0.0528
659	3/9/2017 19:00	28.32	26.622	0.1793	0.0509
660	3/9/2017 20:00	15.939	21.366	0.1797	0.0494
661	3/9/2017 21:00	10.81	10.932	0.1813	0.0474
662	3/9/2017 22:00	7.268	6.077	0.182	0.0462
663	3/9/2017 23:00	6.484	5.77	0.182	0.0462
664	3/10/2017 0:00	6.102	5.796	0.1816	0.0462
665	3/10/2017 1:00	5.693	5.488	0.1813	0.0462
666	3/10/2017 2:00	5.924	6.281	0.1813	0.0462
667	3/10/2017 3:00	5.949	6.509	0.1807	0.0462
668	3/10/2017 4:00	5.796	6.382	0.1807	0.0462
669	3/10/2017 5:00	5.257	5.668	0.1807	0.0454
670	3/10/2017 6:00	4.48	5.024	0.1807	0.0454
671	3/10/2017 7:00	5.128	5.924	0.1807	0.0454
672	3/10/2017 8:00	4.792	5.539	0.1803	0.0454
673	3/10/2017 9:00	4.298	4.973	0.1807	0.0454
674	3/10/2017 10:00	8.245	8.891	0.1793	0.047
675	3/10/2017 11:00	14.864	14.625	0.1775	0.0482
676	3/10/2017 12:00	25.234	23.641	0.1738	0.0521
677	3/10/2017 13:00	24.871	23.064	0.1738	0.0528
678	3/10/2017 14:00	38.952	31.637	0.1714	0.0581
679	3/10/2017 15:00	38.7	31.714	0.1699	0.0562
680	3/10/2017 16:00	30.268	24.919	0.1703	0.0521
681	3/10/2017 17:00	31.868	27.161	0.1689	0.0494
682	3/10/2017 18:00	25.963	22.465	0.1685	0.0474
683	3/10/2017 19:00	22.657	20.722	0.1677	0.0446
684	3/10/2017 20:00	17.415	17.819	0.1671	0.0425
685	3/10/2017 21:00	11.637	11.832	0.1677	0.0413
686	3/10/2017 22:00	9.188	8.643	0.1677	0.0401
687	3/10/2017 23:00	8.519	7.845	0.1677	0.0401
688	3/11/2017 0:00	6.99	7.142	0.1677	0.0392
689	3/11/2017 1:00	6.102	5.719	0.1677	0.0384
690	3/11/2017 2:00	5.36	5.437	0.1681	0.0375
691	3/11/2017 3:00	4.168	3.854	0.1685	0.0375
692	3/11/2017 4:00	3.564	3.38	0.1685	0.0375
693	3/11/2017 5:00	3.38	3.406	0.1681	0.0371
694	3/11/2017 6:00	4.141	4.558	0.1681	0.0371
695	3/11/2017 7:00	3.512	3.749	0.1681	0.0375
696	3/11/2017 8:00	3.221	3.617	0.1681	0.0375
697	3/11/2017 9:00	2.557	2.717	0.1681	0.0375
698	3/11/2017 10:00	7.494	8.593	0.1671	0.0392
699	3/11/2017 11:00	18.129	15.724	0.1638	0.0434
700	3/11/2017 12:00	28.295	24.702	0.1608	0.047
701	3/11/2017 13:00	34.757	30.646	0.1596	0.0501
702	3/11/2017 14:00	40.429	31.765	0.159	0.0528
703	3/11/2017 15:00	43.163	33.73	0.1577	0.0521
704	3/11/2017 16:00	42.505	32.82	0.1566	0.049
705	3/11/2017 17:00	39.318	30.849	0.1547	0.0434
706	3/11/2017 18:00	34.916	26.671	0.1527	0.0392
707	3/11/2017 19:00	25.331	24.484	0.1508	0.0363
708	3/11/2017 20:00	16.177	20.484	0.1503	0.035
709	3/11/2017 21:00	11.175	10.198	0.1503	0.0332
710	3/11/2017 22:00	8.07	5.591	0.1508	0.0319
711	3/11/2017 23:00	7.594	7.066	0.1503	0.0319
712	3/12/2017 0:00	6.585	6.102	0.1503	0.031
713	3/12/2017 1:00	5.872	5.693	0.1503	0.0306
714	3/12/2017 2:00	5.847	5.924	0.1499	0.0306
715	3/12/2017 3:00	5.949	6.331	0.1499	0.0306
716	3/12/2017 4:00	5.488	5.949	0.1499	0.0297
717	3/12/2017 5:00	4.895	5.154	0.1499	0.0297
718	3/12/2017 6:00	4.376	4.636	0.1499	0.0297
719	3/12/2017 7:00	5.36	5.514	0.1499	0.0297
720	3/12/2017 8:00	6.357	6.255	0.1495	0.0297
721	3/12/2017 9:00	6.433	6.281	0.149	0.0297
722	3/12/2017 10:00	7.92	7.745	0.1484	0.0297
723	3/12/2017 11:00	18.414	16.344	0.1466	0.0354
724	3/12/2017 12:00	27.505	22.178	0.1446	0.0375
725	3/12/2017 13:00	37.37	28.295	0.1441	0.0434
726	3/12/2017 14:00	41.094	31.97	0.1434	0.0454
727	3/12/2017 15:00	42.416	31.612	0.143	0.0446
728	3/12/2017 16:00	41.21	31.408	0.1416	0.0421
729	3/12/2017 17:00	38.7	29.515	0.1396	0.0363
730	3/12/2017 18:00	34.863	28.493	0.1375	0.0328
731	3/12/2017 19:00	26.867	24.871	0.1357	0.0306
732	3/12/2017 20:00	17.344	21.557	0.1342	0.0283
733	3/12/2017 21:00	12.823	13.305	0.1331	0.027
734	3/12/2017 22:00	10.173	8.245	0.1331	0.0252
735	3/12/2017 23:00	8.593	6.051	0.1326	0.0247
736	3/13/2017 0:00	8.568	8.419	0.1326	0.0247
737	3/13/2017 1:00	7.569	7.192	0.1321	0.0238
738	3/13/2017 2:00	6.509	5.872	0.1321	0.0238
739	3/13/2017 3:00	6.661	6.737	0.1321	0.0228
740	3/13/2017 4:00	6.153	6.102	0.1321	0.0228
741	3/13/2017 5:00	5.796	5.821	0.1321	0.0228
742	3/13/2017 6:00	5.282	5.257	0.1321	0.0224
743	3/13/2017 7:00	4.168	3.827	0.1321	0.0214
744	3/13/2017 8:00	4.272	4.506	0.1321	0.0224
745	3/13/2017 9:00	3.67	3.827	0.1321	0.0214
746	3/13/2017 10:00	9.262	10.638	0.1317	0.0247
747	3/13/2017 11:00	20.77	19.936	0.1307	0.0297
748	3/13/2017 12:00	31.484	27.727	0.1307	0.0332
749	3/13/2017 13:00	39.63	33.105	0.1307	0.0384
750	3/13/2017 14:00	42.923	34.572	0.1307	0.0405
751	3/13/2017 15:00	44.288	33.157	0.1297	0.0405
752	3/13/2017 16:00	43.404	34.15	0.1281	0.0375
753	3/13/2017 17:00	41.648	33.469	0.1266	0.0319
754	3/13/2017 18:00	37.838	32.484	0.1251	0.0274
755	3/13/2017 19:00	29.49	30.722	0.1237	0.0252
756	3/13/2017 20:00	18.866	25.744	0.1214	0.0238
757	3/13/2017 21:00	14.098	13.353	0.1194	0.0224
758	3/13/2017 22:00	11.273	9.952	0.1184	0.02
759	3/13/2017 23:00	10.59	10.98	0.1179	0.019
760	3/14/2017 0:00	9.608	10.222	0.1174	0.0186
761	3/14/2017 1:00	8.99	9.879	0.1169	0.0186
762	3/14/2017 2:00	8.394	9.287	0.1159	0.0176
763	3/14/2017 3:00	7.845	8.891	0.1159	0.0166
764	3/14/2017 4:00	7.494	8.593	0.1153	0.0166
765	3/14/2017 5:00	6.813	7.87	0.1153	0.0161
766	3/14/2017 6:00	6.331	7.469	0.1148	0.0152
767	3/14/2017 7:00	5.898	7.041	0.1148	0.0152
768	3/14/2017 8:00	5.128	6.255	0.1148	0.0152
769	3/14/2017 9:00	4.844	6.026	0.1148	0.0147
770	3/14/2017 10:00	10.663	13.281	0.1148	0.0176
771	3/14/2017 11:00	19.888	19.793	0.1153	0.0224
772	3/14/2017 12:00	32.073	30.495	0.1169	0.0283
773	3/14/2017 13:00	34.071	32.124	0.1174	0.0297
774	3/14/2017 14:00	37.783	35.128	0.1174	0.0306
775	3/14/2017 15:00	44.196	37.7	0.1179	0.0332
776	3/14/2017 16:00	45.061	39.234	0.1174	0.0319
777	3/14/2017 17:00	41.298	37.206	0.1159	0.027
778	3/14/2017 18:00	36.633	35.529	0.1143	0.0224
779	3/14/2017 19:00	24.629	28.568	0.1112	0.02
780	3/14/2017 20:00	19.793	24.243	0.1091	0.0186
781	3/14/2017 21:00	15.055	15.438	0.1064	0.0161
782	3/14/2017 22:00	11.54	11.2	0.1047	0.0127
783	3/14/2017 23:00	11.807	13.57	0.1042	0.0122
784	3/15/2017 0:00	10.98	12.292	0.1036	0.0112
785	3/15/2017 1:00	10.467	12.074	0.1031	0.0112
786	3/15/2017 2:00	10.736	12.292	0.1031	0.0112
787	3/15/2017 3:00	10.271	11.613	0.1025	0.0107
788	3/15/2017 4:00	9.952	11.662	0.1025	0.0097
789	3/15/2017 5:00	9.41	11.297	0.102	0.0097
790	3/15/2017 6:00	9.015	10.687	0.102	0.0087
791	3/15/2017 7:00	8.394	10.075	0.1014	0.0087
792	3/15/2017 8:00	8.295	9.756	0.1014	0.0087
793	3/15/2017 9:00	7.67	8.965	0.1014	0.0087
794	3/15/2017 10:00	13.449	15.414	0.102	0.0112
795	3/15/2017 11:00	18.675	19.365	0.1031	0.0127
796	3/15/2017 12:00	31.331	28.692	0.1058	0.0205
797	3/15/2017 13:00	37.921	35.395	0.1085	0.0238
798	3/15/2017 14:00	43.738	38.728	0.1096	0.0283
799	3/15/2017 15:00	45.562	37.645	0.1101	0.0288
800	3/15/2017 16:00	43.647	35.315	0.1085	0.0252
801	3/15/2017 17:00	41.913	37.618	0.1085	0.0205
802	3/15/2017 18:00	37.042	34.308	0.1075	0.0161
803	3/15/2017 19:00	27.677	28.196	0.1042	0.0137
804	3/15/2017 20:00	18.866	23.641	0.1014	0.0122
805	3/15/2017 21:00	15.557	16.725	0.0986	0.0107
806	3/15/2017 22:00	11.856	9.435	0.0969	0.0081
807	3/15/2017 23:00	10.785	11.053	0.0961	0.0071
808	3/16/2017 0:00	9.238	8.319	0.0955	0.0066
809	3/16/2017 1:00	7.945	6.813	0.0949	0.0056
810	3/16/2017 2:00	7.92	8.295	0.0949	0.005
811	3/16/2017 3:00	7.142	6.763	0.0943	0.005
812	3/16/2017 4:00	6.153	6.026	0.0937	0.0029
813	3/16/2017 5:00	5.154	2.903	0.0932	0.0029
814	3/16/2017 6:00	4.999	4.844	0.0932	0.0024
815	3/16/2017 7:00	4.999	5.076	0.0937	0.0024
816	3/16/2017 8:00	4.895	4.844	0.0932	0.0024
817	3/16/2017 9:00	4.584	4.532	0.0932	0.0024
818	3/16/2017 10:00	10.712	11.613	0.0943	0.0056
819	3/16/2017 11:00	21.199	19.056	0.0969	0.0107
820	3/16/2017 12:00	29.59	28.617	0.1003	0.0161
821	3/16/2017 13:00	39.857	32.201	0.1025	0.0205
822	3/16/2017 14:00	43.193	34.969	0.1042	0.0238
823	3/16/2017 15:00	44.688	34.783	0.1053	0.0252
824	3/16/2017 16:00	43.616	35.262	0.1053	0.0228
825	3/16/2017 17:00	40.2	31.382	0.1036	0.0166
826	3/16/2017 18:00	35.529	29.34	0.1025	0.0122
827	3/16/2017 19:00	26.134	26.842	0.1003	0.0097
828	3/16/2017 20:00	17.415	22.513	0.0969	0.0081
829	3/16/2017 21:00	13.497	13.522	0.0949	0.0066
830	3/16/2017 22:00	9.558	6.813	0.0926	0.0029
831	3/16/2017 23:00	9.287	8.593	0.0914	0.0024
832	3/17/2017 0:00	8.419	7.192	0.0908	0.0013
833	3/17/2017 1:00	8.643	8.593	0.0914	0.0013
834	3/17/2017 2:00	7.845	7.995	0.0908	0.0008
835	3/17/2017 3:00	6.687	5.745	0.0902	0.0008
836	3/17/2017 4:00	6.026	5.128	0.0902	-0.0003
837	3/17/2017 5:00	5.514	4.844	0.0896	-0.0008
838	3/17/2017 6:00	5.821	6.102	0.0896	-0.0008
839	3/17/2017 7:00	4.895	4.844	0.0893	-0.0008
840	3/17/2017 8:00	4.194	3.722	0.0893	-0.0019
841	3/17/2017 9:00	4.141	3.801	0.0893	-0.0019
842	3/17/2017 10:00	8.419	8.841	0.0896	-0.0003
843	3/17/2017 11:00	20.555	19.056	0.0932	0.0056
844	3/17/2017 12:00	28.841	25.841	0.0961	0.0112
845	3/17/2017 13:00	38.896	34.836	0.0998	0.0166
846	3/17/2017 14:00	43.284	35.448	0.1014	0.0214
847	3/17/2017 15:00	44.411	36.092	0.102	0.0224
848	3/17/2017 16:00	44.349	36.633	0.102	0.02
849	3/17/2017 17:00	41.59	33.835	0.1009	0.0147
850	3/17/2017 18:00	34.308	32.433	0.0998	0.0107
851	3/17/2017 19:00	26.549	31.077	0.0986	0.0081
852	3/17/2017 20:00	19.199	24.436	0.0955	0.0066
853	3/17/2017 21:00	15.318	14.098	0.0926	0.004
854	3/17/2017 22:00	12.147	10.467	0.0902	0.0024
855	3/17/2017 23:00	11.273	11.321	0.0896	0.0008
856	3/18/2017 0:00	9.534	9.04	0.0893	-0.0003
857	3/18/2017 1:00	9.163	8.593	0.0887	-0.0008
858	3/18/2017 2:00	8.618	7.594	0.0881	-0.0008
859	3/18/2017 3:00	7.619	6.763	0.0875	-0.0019
860	3/18/2017 4:00	6.611	6.077	0.0869	-0.0025
861	3/18/2017 5:00	6.026	6.102	0.0863	-0.0036
862	3/18/2017 6:00	5.128	4.584	0.0863	-0.0047
863	3/18/2017 7:00	5.257	6.153	0.0863	-0.0047
864	3/18/2017 8:00	4.428	4.895	0.0863	-0.0047
865	3/18/2017 9:00	4.714	5.591	0.0857	-0.0047
866	3/18/2017 10:00	10.32	11.929	0.0869	-0.0025
867	3/18/2017 11:00	21.843	21.891	0.0902	0.004
868	3/18/2017 12:00	34.677	31.433	0.0943	0.0112
869	3/18/2017 13:00	40.717	33.574	0.0969	0.0152
870	3/18/2017 14:00	42.445	35.904	0.0981	0.0166
871	3/18/2017 15:00	40.775	35.262	0.0981	0.0161
872	3/18/2017 16:00	41.473	36.119	0.0992	0.0152
873	3/18/2017 17:00	40.057	32.433	0.0975	0.0112
874	3/18/2017 18:00	36.039	33.678	0.0975	0.0071
875	3/18/2017 19:00	25.525	27.751	0.0955	0.005
876	3/18/2017 20:00	18.675	19.627	0.092	0.0029
877	3/18/2017 21:00	14.864	15.031	0.0896	0.0013
878	3/18/2017 22:00	12.243	9.731	0.0881	-0.0008
879	3/18/2017 23:00	11.273	10.541	0.0875	-0.0019
880	3/19/2017 0:00	9.977	9.928	0.0869	-0.0025
881	3/19/2017 1:00	7.268	4.869	0.0857	-0.0047
882	3/19/2017 2:00	6.026	3.459	0.0844	-0.0052
883	3/19/2017 3:00	5.821	5.308	0.0841	-0.0063
884	3/19/2017 4:00	5.385	5.154	0.0841	-0.0069
885	3/19/2017 5:00	4.168	2.477	0.0835	-0.008
886	3/19/2017 6:00	3.749	2.637	0.0835	-0.008
887	3/19/2017 7:00	4.74	5.77	0.0835	-0.008
888	3/19/2017 8:00	5.745	6.712	0.0841	-0.008
889	3/19/2017 9:00	5.872	7.041	0.0841	-0.008
890	3/19/2017 10:00	8.319	9.089	0.0844	-0.0069
891	3/19/2017 11:00	14.553	16.272	0.0863	-0.0036
892	3/19/2017 12:00	20.603	22.776	0.0893	0.0008
893	3/19/2017 13:00	24.098	22.561	0.0908	0.0024
894	3/19/2017 14:00	26.182	24.46	0.0914	0.0029
895	3/19/2017 15:00	26.28	25.258	0.092	0.004
896	3/19/2017 16:00	27.899	25.987	0.0932	0.005
897	3/19/2017 17:00	27.358	27.136	0.0932	0.004
898	3/19/2017 18:00	21.987	24.629	0.0914	0.0024
899	3/19/2017 19:00	21.008	25.186	0.092	0.0024
900	3/19/2017 20:00	18.557	21.056	0.0896	0.0008
901	3/19/2017 21:00	15.939	17.296	0.0881	-0.0008
902	3/19/2017 22:00	13.954	15.629	0.0869	-0.0025
903	3/19/2017 23:00	13.546	15.485	0.0863	-0.0036
904	3/20/2017 0:00	12.534	14.122	0.0857	-0.0036
905	3/20/2017 1:00	8.841	8.27	0.0844	-0.0052
906	3/20/2017 2:00	6.661	6.458	0.0841	-0.0069
907	3/20/2017 3:00	11.492	13.882	0.0844	-0.0063
908	3/20/2017 4:00	12.268	14.697	0.085	-0.0052
909	3/20/2017 5:00	10.149	9.238	0.0844	-0.0052
910	3/20/2017 6:00	6.331	6	0.0835	-0.008
911	3/20/2017 7:00	8.742	8.02	0.0841	-0.008
912	3/20/2017 8:00	8.419	7.393	0.0841	-0.008
913	3/20/2017 9:00	8.866	7.519	0.0841	-0.008
914	3/20/2017 10:00	10.81	9.386	0.0844	-0.0069
915	3/20/2017 11:00	16.129	13.906	0.0863	-0.0047
916	3/20/2017 12:00	31.612	26.573	0.0908	0.004
917	3/20/2017 13:00	39.177	29.715	0.0932	0.0097
918	3/20/2017 14:00	42.445	31.919	0.0949	0.0127
919	3/20/2017 15:00	44.012	33.704	0.0963	0.0152
920	3/20/2017 16:00	40.085	29.916	0.0961	0.0122
921	3/20/2017 17:00	30.874	27.136	0.0937	0.0056
922	3/20/2017 18:00	28.245	24.847	0.092	0.0029
923	3/20/2017 19:00	22.753	23.184	0.0908	0.0008
924	3/20/2017 20:00	18.438	15.605	0.0881	-0.0008
925	3/20/2017 21:00	13.57	11.492	0.0863	-0.0047
926	3/20/2017 22:00	12.968	10.98	0.0857	-0.0052
927	3/20/2017 23:00	12.219	10.271	0.085	-0.0063
928	3/21/2017 0:00	9.977	9.287	0.0844	-0.0069
929	3/21/2017 1:00	8.045	5.975	0.0835	-0.0086
930	3/21/2017 2:00	7.494	5.462	0.0829	-0.0097
931	3/21/2017 3:00	8.543	8.295	0.0829	-0.0097
932	3/21/2017 4:00	9.188	8.99	0.0835	-0.0086
933	3/21/2017 5:00	10.247	11.102	0.0835	-0.008
934	3/21/2017 6:00	11.613	12.122	0.0841	-0.008
935	3/21/2017 7:00	11.977	12.268	0.0841	-0.008
936	3/21/2017 8:00	11.005	10.736	0.0844	-0.008
937	3/21/2017 9:00	11.127	11.419	0.0857	-0.0069
938	3/21/2017 10:00	12.219	12.268	0.0857	-0.0069
939	3/21/2017 11:00	16.63	18.675	0.0875	-0.0052
940	3/21/2017 12:00	17.938	16.654	0.0893	-0.0047
941	3/21/2017 13:00	27.727	27.186	0.092	-0.0003
942	3/21/2017 14:00	16.892	14.625	0.0937	-0.0008
943	3/21/2017 15:00	21.461	21.103	0.1003	0.0029
944	3/21/2017 16:00	27.825	27.087	0.102	0.0056
945	3/21/2017 17:00	23.352	22.729	0.1003	0.004
946	3/21/2017 18:00	29.065	30.419	0.1009	0.004
947	3/21/2017 19:00	17.32	17.32	0.0981	0.0013
948	3/21/2017 20:00	16.392	19.96	0.0969	-0.0003
949	3/21/2017 21:00	13.738	13.834	0.0955	-0.0008
950	3/21/2017 22:00	11.783	11.807	0.0943	-0.0019
951	3/21/2017 23:00	10.026	9.435	0.0937	-0.0025
952	3/22/2017 0:00	8.344	6.788	0.0932	-0.0047
953	3/22/2017 1:00	7.091	5.693	0.0926	-0.0047
954	3/22/2017 2:00	6.128	4.48	0.092	-0.0063
955	3/22/2017 3:00	5.821	3.696	0.092	-0.0063
956	3/22/2017 4:00	4.272	0.852	0.0914	-0.0069
957	3/22/2017 5:00	7.015	7.242	0.092	-0.0063
958	3/22/2017 6:00	8.145	7.167	0.0926	-0.0052
959	3/22/2017 7:00	8.22	6.687	0.0926	-0.0052
960	3/22/2017 8:00	7.82	6.382	0.0926	-0.0063
961	3/22/2017 9:00	6.94	4.869	0.0926	-0.0063
962	3/22/2017 10:00	8.643	7.645	0.0926	-0.0052
963	3/22/2017 11:00	20.555	19.46	0.0943	-0.0003
964	3/22/2017 12:00	26.989	22.92	0.0961	0.004
965	3/22/2017 13:00	31.561	24.098	0.0969	0.0071
966	3/22/2017 14:00	32.253	27.407	0.0975	0.0071
967	3/22/2017 15:00	37.811	32.458	0.1009	0.0112
968	3/22/2017 16:00	17.677	8.99	0.0998	0.0024
969	3/22/2017 17:00	21.437	16.773	0.1009	0.0024
970	3/22/2017 18:00	25.695	23.617	0.1014	0.0024
971	3/22/2017 19:00	16.32	13.353	0.0986	-0.0003
972	3/22/2017 20:00	15.414	12.896	0.0975	-0.0008
973	3/22/2017 21:00	10.858	7.041	0.0963	-0.0025
974	3/22/2017 22:00	10.222	7.167	0.1069	-0.0025
975	3/22/2017 23:00	9.583	6.839	0.1075	-0.0025
976	3/23/2017 0:00	9.287	6.914	0.1075	-0.0036
977	3/23/2017 1:00	8.99	6.788	0.1085	-0.0036
978	3/23/2017 2:00	8.742	6.661	0.1117	-0.0036
979	3/23/2017 3:00	8.045	6	0.1153	-0.0036
980	3/23/2017 4:00	7.995	5.257	0.1508	-0.0003
981	3/23/2017 5:00	7.519	4.792	0.1514	0.0008
982	3/23/2017 6:00	7.192	4.792	0.1558	0.0013
983	3/23/2017 7:00	7.192	4.74	0.1562	0.0013
984	3/23/2017 8:00	6.99	4.584	0.157	0.0013
985	3/23/2017 9:00	6.788	4.48	0.157	0.0013
986	3/23/2017 10:00	7.343	4.869	0.157	0.0013
987	3/23/2017 11:00	13.738	13.497	0.1562	0.004
988	3/23/2017 12:00	19.674	15.509	0.1542	0.0071
989	3/23/2017 13:00	21.318	17.153	0.1532	0.0081
990	3/23/2017 14:00	20.817	13.786	0.1538	0.0081
991	3/23/2017 15:00	36.012	29.59	0.1508	0.0147
992	3/23/2017 16:00	35.555	27.53	0.1514	0.0137
993	3/23/2017 17:00	34.387	28.245	0.1499	0.0097
994	3/23/2017 18:00	27.087	26.475	0.1484	0.0066
995	3/23/2017 19:00	16.058	19.698	0.1475	0.005
996	3/23/2017 20:00	12.268	14.505	0.1459	0.0029
997	3/23/2017 21:00	9.41	6.585	0.1466	0.0024
998	3/23/2017 22:00	7.041	4.402	0.1466	0.0008
999	3/23/2017 23:00	5.616	1.886	0.1466	-0.0003
1000	3/24/2017 0:00	4.74	1.534	0.1459	-0.0008
1001	3/24/2017 1:00	4.298	1.967	0.1455	-0.0019
1002	3/24/2017 2:00	4.376	2.155	0.1455	-0.0025
1003	3/24/2017 3:00	3.88	1.724	0.145	-0.0025
1004	3/24/2017 4:00	3.564	1.371	0.1446	-0.0036
1005	3/24/2017 5:00	3.221	1.371	0.1446	-0.0036
1006	3/24/2017 6:00	3.036	1.099	0.1446	-0.0036
1007	3/24/2017 7:00	2.53	0.77	0.1441	-0.0047
1008	3/24/2017 8:00	2.316	0.66	0.1441	-0.0047
1009	3/24/2017 9:00	2.45	1.371	0.1434	-0.0047
1010	3/24/2017 10:00	7.167	8.295	0.1425	-0.0019
1011	3/24/2017 11:00	15.915	17.177	0.1405	0.0013
1012	3/24/2017 12:00	26.207	26.28	0.1391	0.0056
1013	3/24/2017 13:00	34.916	34.836	0.1375	0.0112
1014	3/24/2017 14:00	39.715	30.824	0.137	0.0161
1015	3/24/2017 15:00	41.239	33.261	0.1357	0.0176
1016	3/24/2017 16:00	41.036	35.448	0.1331	0.0152
1017	3/24/2017 17:00	30.773	25.113	0.1307	0.0107
1018	3/24/2017 18:00	24.968	21.485	0.1281	0.0081
1019	3/24/2017 19:00	22.561	18.343	0.1251	0.0056
1020	3/24/2017 20:00	15.509	13.954	0.1229	0.0024
1021	3/24/2017 21:00	13.786	12.219	0.1219	0.0008
1022	3/24/2017 22:00	11.151	8.568	0.1214	-0.0008
1023	3/24/2017 23:00	11.005	9.682	0.1204	-0.0008
1024	3/25/2017 0:00	10.075	8.817	0.1199	-0.0019
1025	3/25/2017 1:00	10.271	8.941	0.1199	-0.0019
1026	3/25/2017 2:00	9.977	8.444	0.1224	-0.0008
1027	3/25/2017 3:00	9.558	7.795	0.1237	-0.0008
1028	3/25/2017 4:00	9.336	7.242	0.1242	-0.0003
1029	3/25/2017 5:00	8.543	7.015	0.1242	-0.0019
1030	3/25/2017 6:00	8.916	7.318	0.1242	-0.0008
1031	3/25/2017 7:00	8.394	6.914	0.1237	-0.0019
1032	3/25/2017 8:00	8.693	7.419	0.1229	-0.0019
1033	3/25/2017 9:00	7.041	5.205	0.1229	-0.0019
1034	3/25/2017 10:00	13.954	16.106	0.1219	0.0024
1035	3/25/2017 11:00	14.361	13.209	0.1214	0.0013
1036	3/25/2017 12:00	19.651	16.606	0.1229	0.004
1037	3/25/2017 13:00	31.996	28.841	0.1229	0.0097
1038	3/25/2017 14:00	33.992	28.568	0.1242	0.0122
1039	3/25/2017 15:00	39.857	31.408	0.1242	0.0147
1040	3/25/2017 16:00	39.8	36.96	0.1242	0.0127
1041	3/25/2017 17:00	30.824	25.331	0.1219	0.0071
1042	3/25/2017 18:00	20.484	17.082	0.1194	0.004
1043	3/25/2017 19:00	15.819	12.654	0.1179	0.0024
1044	3/25/2017 20:00	13.209	11.297	0.1169	0.0008
1045	3/25/2017 21:00	12.461	9.829	0.1164	-0.0003
1046	3/25/2017 22:00	10.296	7.92	0.1159	-0.0008
1047	3/25/2017 23:00	10.736	8.916	0.1153	-0.0019
1048	3/26/2017 0:00	7.494	4.22	0.1148	-0.0036
1049	3/26/2017 1:00	6.128	2.823	0.1148	-0.0036
1050	3/26/2017 2:00	5.872	2.956	0.1143	-0.0047
1051	3/26/2017 3:00	5.514	2.584	0.1143	-0.0052
1052	3/26/2017 4:00	5.975	4.22	0.1143	-0.0052
1053	3/26/2017 5:00	7.845	6.813	0.1143	-0.0047
1054	3/26/2017 6:00	8.543	7.494	0.1143	-0.0036
1055	3/26/2017 7:00	8.891	7.92	0.1143	-0.0036
1056	3/26/2017 8:00	8.965	7.895	0.1138	-0.0036
1057	3/26/2017 9:00	9.089	8.07	0.1138	-0.0036
1058	3/26/2017 10:00	10.687	10.761	0.1138	-0.0025
1059	3/26/2017 11:00	26.818	29.09	0.1143	0.005
1060	3/26/2017 12:00	31.128	28.543	0.1153	0.0087
1061	3/26/2017 13:00	37.261	32.51	0.1164	0.0127
1062	3/26/2017 14:00	39.121	26.524	0.1169	0.0161
1063	3/26/2017 15:00	39.63	29.615	0.1174	0.0161
1064	3/26/2017 16:00	31.919	25.598	0.1164	0.0107
1065	3/26/2017 17:00	32.047	25.453	0.1148	0.0087
1066	3/26/2017 18:00	25.695	21.151	0.1133	0.0066
1067	3/26/2017 19:00	19.936	20.293	0.1117	0.0029
1068	3/26/2017 20:00	16.701	13.93	0.1101	0.0008
1069	3/26/2017 21:00	14.385	12.219	0.1091	-0.0003
1070	3/26/2017 22:00	12.751	10.492	0.1085	-0.0019
1071	3/26/2017 23:00	12.509	10.834	0.108	-0.0025
1072	3/27/2017 0:00	12.195	10.834	0.108	-0.0025
1073	3/27/2017 1:00	9.287	6.458	0.1075	-0.0036
1074	3/27/2017 2:00	7.745	5.102	0.1069	-0.0063
1075	3/27/2017 3:00	7.569	5.179	0.1064	-0.0063
1076	3/27/2017 4:00	6.914	4.063	0.1064	-0.0069
1077	3/27/2017 5:00	7.242	5.847	0.1064	-0.0069
1078	3/27/2017 6:00	7.444	6.331	0.1058	-0.0069
1079	3/27/2017 7:00	7.77	6.204	0.1058	-0.0063
1080	3/27/2017 8:00	8.767	7.695	0.1069	-0.0063
1081	3/27/2017 9:00	9.139	7.82	0.1069	-0.0063
1082	3/27/2017 10:00	10.516	8.866	0.1069	-0.0052
1083	3/27/2017 11:00	11.127	8.295	0.1085	-0.0047
1084	3/27/2017 12:00	16.582	12.461	0.108	-0.0025
1085	3/27/2017 13:00	27.186	17.296	0.108	0.0013
1086	3/27/2017 14:00	21.557	15.008	0.1075	0.0029
1087	3/27/2017 15:00	28.171	18.818	0.108	0.004
1088	3/27/2017 16:00	34.334	23.521	0.1091	0.0056
1089	3/27/2017 17:00	28.568	22.465	0.1085	0.0024
1090	3/27/2017 18:00	24.412	23.424	0.1075	-0.0008
1091	3/27/2017 19:00	15.796	18.438	0.1058	-0.0025
1092	3/27/2017 20:00	12.001	13.762	0.1042	-0.0047
1093	3/27/2017 21:00	9.361	9.114	0.1025	-0.0052
1094	3/27/2017 22:00	7.116	6.535	0.102	-0.0063
1095	3/27/2017 23:00	6.509	6.864	0.1014	-0.0069
1096	3/28/2017 0:00	5.257	5.128	0.1009	-0.008
1097	3/28/2017 1:00	6.331	5.205	0.1009	-0.008
1098	3/28/2017 2:00	7.519	6.813	0.1009	-0.008
1099	3/28/2017 3:00	5.924	4.818	0.1009	-0.0086
1100	3/28/2017 4:00	4.532	4.48	0.1003	-0.0097
1101	3/28/2017 5:00	6.051	5.411	0.1003	-0.0086
1102	3/28/2017 6:00	6.128	4.74	0.1003	-0.0086
1103	3/28/2017 7:00	6.077	3.854	0.1003	-0.0086
1104	3/28/2017 8:00	3.116	-0.648	0.0998	-0.0103
1105	3/28/2017 9:00	2.128	-1.498	0.0998	-0.0115
1106	3/28/2017 10:00	9.928	12.678	0.1003	-0.0052
1107	3/28/2017 11:00	22.992	19.27	0.1014	0.0013
1108	3/28/2017 12:00	32.227	28.023	0.1036	0.0066
1109	3/28/2017 13:00	35.797	28.419	0.1053	0.0087
1110	3/28/2017 14:00	40.057	25.939	0.1064	0.0122
1111	3/28/2017 15:00	41.327	28.171	0.1069	0.0127
1112	3/28/2017 16:00	39.46	32.124	0.108	0.0097
1113	3/28/2017 17:00	34.969	26.598	0.1064	0.004
1114	3/28/2017 18:00	27.333	23.713	0.1047	-0.0003
1115	3/28/2017 19:00	16.939	20.913	0.1025	-0.0025
1116	3/28/2017 20:00	13.618	16.32	0.1003	-0.0047
1117	3/28/2017 21:00	10.785	9.829	0.0986	-0.0063
1118	3/28/2017 22:00	7.845	3.617	0.0969	-0.008
1119	3/28/2017 23:00	5.924	2.262	0.0963	-0.0097
1120	3/29/2017 0:00	4.869	0.356	0.0961	-0.0115
1121	3/29/2017 1:00	4.61	1.071	0.0955	-0.0115
1122	3/29/2017 2:00	4.636	2.128	0.0955	-0.0115
1123	3/29/2017 3:00	3.854	0.962	0.0949	-0.012
1124	3/29/2017 4:00	4.141	1.643	0.0949	-0.012
1125	3/29/2017 5:00	3.696	1.289	0.0943	-0.0132
1126	3/29/2017 6:00	3.274	0.907	0.0943	-0.0132
1127	3/29/2017 7:00	2.823	0.412	0.0943	-0.0138
1128	3/29/2017 8:00	3.009	0.77	0.0943	-0.0138
1129	3/29/2017 9:00	2.956	1.017	0.0943	-0.0138
1130	3/29/2017 10:00	9.188	9.854	0.0955	-0.0097
1131	3/29/2017 11:00	21.509	21.604	0.0969	-0.0036
1132	3/29/2017 12:00	33.809	31.612	0.0998	0.0029
1133	3/29/2017 13:00	39.573	32.433	0.102	0.0081
1134	3/29/2017 14:00	43.314	34.598	0.1042	0.0122
1135	3/29/2017 15:00	44.472	35.049	0.1058	0.0127
1136	3/29/2017 16:00	42.953	36.444	0.1058	0.0087
1137	3/29/2017 17:00	37.811	37.206	0.1047	0.004
1138	3/29/2017 18:00	29.865	34.229	0.1036	0.0008
1139	3/29/2017 19:00	21.199	28.99	0.102	-0.0019
1140	3/29/2017 20:00	17.296	19.365	0.0981	-0.0036
1141	3/29/2017 21:00	14.17	12.992	0.0961	-0.0052
1142	3/29/2017 22:00	11.224	7.192	0.0943	-0.008
1143	3/29/2017 23:00	10.369	7.92	0.0937	-0.0086
1144	3/30/2017 0:00	8.817	5.514	0.0926	-0.0097
1145	3/30/2017 1:00	8.045	5.205	0.092	-0.0103
1146	3/30/2017 2:00	7.945	6.23	0.0914	-0.0115
1147	3/30/2017 3:00	7.419	5.616	0.0914	-0.0115
1148	3/30/2017 4:00	6.788	4.844	0.0908	-0.012
1149	3/30/2017 5:00	6.94	5.308	0.0908	-0.012
1150	3/30/2017 6:00	7.015	5.565	0.0902	-0.0132
1151	3/30/2017 7:00	5.924	3.749	0.0902	-0.0132
1152	3/30/2017 8:00	5.462	2.956	0.0896	-0.0138
1153	3/30/2017 9:00	5.36	3.248	0.0896	-0.0138
1154	3/30/2017 10:00	12.074	13.353	0.0914	-0.0086
1155	3/30/2017 11:00	24.243	27.186	0.0937	-0.0036
1156	3/30/2017 12:00	33.443	29.991	0.0961	0.0013
1157	3/30/2017 13:00	30.243	24.412	0.0969	0.0029
1158	3/30/2017 14:00	29.815	25.477	0.0969	0.0013
1159	3/30/2017 15:00	31.255	21.342	0.0963	0.0013
1160	3/30/2017 16:00	42.654	35.208	0.0998	0.0029
1161	3/30/2017 17:00	32.047	25.574	0.0963	-0.0008
1162	3/30/2017 18:00	26.622	24.026	0.0961	-0.0047
1163	3/30/2017 19:00	16.987	18.723	0.0937	-0.0069
1164	3/30/2017 20:00	13.473	13.93	0.0914	-0.0086
1165	3/30/2017 21:00	10.663	10.026	0.0893	-0.0103
1166	3/30/2017 22:00	8.717	8.444	0.0881	-0.012
1167	3/30/2017 23:00	7.091	6.99	0.0869	-0.0132
1168	3/31/2017 0:00	5.308	5.514	0.0863	-0.0138
1169	3/31/2017 1:00	3.696	-0.535	0.085	-0.0156
1170	3/31/2017 2:00	3.195	1.289	0.085	-0.0167
1171	3/31/2017 3:00	2.53	0.356	0.0844	-0.0173
1172	3/31/2017 4:00	1.94	-0.507	0.0844	-0.0173
1173	3/31/2017 5:00	1.317	-0.873	0.0844	-0.0185
1174	3/31/2017 6:00	1.071	-2.363	0.0841	-0.0191
1175	3/31/2017 7:00	0.797	-2.683	0.0835	-0.0191
1176	3/31/2017 8:00	0.024	-3.747	0.0829	-0.0203
1177	3/31/2017 9:00	-0.367	-4.137	0.0829	-0.0203
1178	3/31/2017 10:00	7.795	6.839	0.085	-0.0132
1179	3/31/2017 11:00	21.294	13.834	0.0869	-0.0063
1180	3/31/2017 12:00	31.001	19.413	0.0893	-0.0019
1181	3/31/2017 13:00	38.226	25.744	0.092	0.0024
1182	3/31/2017 14:00	41.531	25.089	0.0937	0.0056
1183	3/31/2017 15:00	41.619	25.355	0.0943	0.0056
1184	3/31/2017 16:00	40.891	27.038	0.0949	0.0024
1185	3/31/2017 17:00	38.087	25.283	0.0943	-0.0025
1186	3/31/2017 18:00	27.481	26.622	0.0932	-0.0063
1187	3/31/2017 19:00	17.796	20.889	0.092	-0.0086
1188	3/31/2017 20:00	13.858	14.984	0.0893	-0.0097
1189	3/31/2017 21:00	10.418	6.94	0.0869	-0.012
1190	3/31/2017 22:00	7.091	1.398	0.0844	-0.015
1191	3/31/2017 23:00	6.204	1.67	0.0835	-0.0156
1192	4/1/2017 0:00	5.719	2.289	0.0835	-0.0167
1193	4/1/2017 1:00	4.895	1.099	0.0829	-0.0173
1194	4/1/2017 2:00	5.334	2.557	0.0829	-0.0173
1195	4/1/2017 3:00	5.154	2.477	0.0822	-0.0185
1196	4/1/2017 4:00	4.818	2.074	0.0822	-0.0185
1197	4/1/2017 5:00	4.532	1.994	0.0816	-0.0191
1198	4/1/2017 6:00	4.115	1.67	0.081	-0.0191
1199	4/1/2017 7:00	3.591	1.099	0.0816	-0.0203
1200	4/1/2017 8:00	3.354	1.071	0.081	-0.0203
1201	4/1/2017 9:00	3.406	1.099	0.081	-0.0203
1202	4/1/2017 10:00	9.485	11.273	0.0829	-0.015
1203	4/1/2017 11:00	23.905	24.315	0.0863	-0.008
1204	4/1/2017 12:00	35.182	34.651	0.0902	-0.0025
1205	4/1/2017 13:00	43.344	38.087	0.0937	0.004
1206	4/1/2017 14:00	46.417	35.716	0.0961	0.0071
1207	4/1/2017 15:00	48.139	38.588	0.0969	0.0071
1208	4/1/2017 16:00	46.931	36.012	0.0963	0.004
1209	4/1/2017 17:00	42.923	37.755	0.0969	-0.0003
1210	4/1/2017 18:00	32.742	34.15	0.0955	-0.0047
1211	4/1/2017 19:00	22.8	26.989	0.0932	-0.0069
1212	4/1/2017 20:00	18.747	21.008	0.0896	-0.0086
1213	4/1/2017 21:00	15.342	13.522	0.0869	-0.0103
1214	4/1/2017 22:00	11.832	8.095	0.0844	-0.0132
1215	4/1/2017 23:00	9.879	5.05	0.0829	-0.015
1216	4/2/2017 0:00	9.583	6.331	0.0822	-0.0156
1217	4/2/2017 1:00	9.139	6.255	0.0822	-0.0167
1218	4/2/2017 2:00	9.139	6.636	0.0816	-0.0173
1219	4/2/2017 3:00	9.064	7.091	0.0816	-0.0173
1220	4/2/2017 4:00	7.895	5.36	0.081	-0.0173
1221	4/2/2017 5:00	7.066	4.011	0.0803	-0.0185
1222	4/2/2017 6:00	7.167	4.869	0.0803	-0.0191
1223	4/2/2017 7:00	6.077	3.248	0.0797	-0.0191
1224	4/2/2017 8:00	5.616	2.69	0.0797	-0.0203
1225	4/2/2017 9:00	6.026	4.141	0.0797	-0.0203
1226	4/2/2017 10:00	12.34	14.697	0.0816	-0.015
1227	4/2/2017 11:00	26.061	28.171	0.085	-0.0086
1228	4/2/2017 12:00	39.205	38.56	0.0896	-0.0019
1229	4/2/2017 13:00	44.843	41.502	0.0926	0.0013
1230	4/2/2017 14:00	50.439	40.257	0.0949	0.0066
1231	4/2/2017 15:00	52.564	39.29	0.0961	0.0071
1232	4/2/2017 16:00	51.916	43.495	0.0969	0.004
1233	4/2/2017 17:00	46.226	35.262	0.0949	-0.0008
1234	4/2/2017 18:00	34.836	35.022	0.0937	-0.0052
1235	4/2/2017 19:00	25.355	28.692	0.0908	-0.0069
1236	4/2/2017 20:00	21.246	23.088	0.0875	-0.0097
1237	4/2/2017 21:00	18.057	16.63	0.085	-0.0115
1238	4/2/2017 22:00	15.223	12.219	0.0829	-0.0138
1239	4/2/2017 23:00	12.364	7.419	0.081	-0.0167
1240	4/3/2017 0:00	10.858	6.484	0.0797	-0.0173
1241	4/3/2017 1:00	10.296	6.737	0.0794	-0.0185
1242	4/3/2017 2:00	9.657	6.484	0.0787	-0.0191
1243	4/3/2017 3:00	9.188	6.23	0.0781	-0.0203
1244	4/3/2017 4:00	8.444	5.488	0.0781	-0.0203
1245	4/3/2017 5:00	8.519	5.898	0.0781	-0.021
1246	4/3/2017 6:00	7.72	5.05	0.0775	-0.0222
1247	4/3/2017 7:00	7.469	4.818	0.0768	-0.0228
1248	4/3/2017 8:00	6.965	4.168	0.0768	-0.0228
1249	4/3/2017 9:00	6.914	4.454	0.0775	-0.0228
1250	4/3/2017 10:00	13.161	14.409	0.0794	-0.0173
1251	4/3/2017 11:00	26.989	31.001	0.0841	-0.0103
1252	4/3/2017 12:00	40.833	34.545	0.0875	-0.0025
1253	4/3/2017 13:00	46.258	33.365	0.0893	-0.0003
1254	4/3/2017 14:00	50.752	32.872	0.0902	0.0024
1255	4/3/2017 15:00	50.647	35.395	0.0926	0.0029
1256	4/3/2017 16:00	49.888	35.342	0.0926	-0.0003
1257	4/3/2017 17:00	44.658	35.342	0.0926	-0.0063
1258	4/3/2017 18:00	33.783	32.924	0.0914	-0.0097
1259	4/3/2017 19:00	22.609	25.38	0.0881	-0.012
1260	4/3/2017 20:00	18.033	19.532	0.0844	-0.015
1261	4/3/2017 21:00	14.553	13.233	0.0816	-0.0167
1262	4/3/2017 22:00	11.492	9.756	0.0794	-0.0191
1263	4/3/2017 23:00	9.361	5.231	0.0781	-0.021
1264	4/4/2017 0:00	7.217	0.632	0.0762	-0.0228
1265	4/4/2017 1:00	6.94	2.37	0.0752	-0.024
1266	4/4/2017 2:00	6.281	2.316	0.0745	-0.0247
1267	4/4/2017 3:00	5.668	2.021	0.0745	-0.0259
1268	4/4/2017 4:00	5.334	1.751	0.0738	-0.0265
1269	4/4/2017 5:00	4.869	1.453	0.0738	-0.0265
1270	4/4/2017 6:00	5.205	2.289	0.0738	-0.0265
1271	4/4/2017 7:00	4.999	2.074	0.0732	-0.0278
1272	4/4/2017 8:00	4.999	2.343	0.0732	-0.0278
1273	4/4/2017 9:00	4.818	2.155	0.0732	-0.0278
1274	4/4/2017 10:00	11.759	12.268	0.0752	-0.0222
1275	4/4/2017 11:00	27.284	25.793	0.0794	-0.0156
1276	4/4/2017 12:00	39.715	34.545	0.0841	-0.0097
1277	4/4/2017 13:00	48.871	39.715	0.0881	-0.0025
1278	4/4/2017 14:00	53.888	41.883	0.0908	-0.0003
1279	4/4/2017 15:00	56.46	46.353	0.0932	0.0008
1280	4/4/2017 16:00	54.906	44.658	0.0937	-0.0019
1281	4/4/2017 17:00	48.172	38.98	0.0932	-0.0063
1282	4/4/2017 18:00	35.049	31.51	0.0887	-0.0103
1283	4/4/2017 19:00	28.568	23.737	0.0844	-0.012
1284	4/4/2017 20:00	22.609	20.77	0.0822	-0.0156
1285	4/4/2017 21:00	18.771	16.106	0.0803	-0.0173
1286	4/4/2017 22:00	14.481	7.995	0.0775	-0.0203
1287	4/4/2017 23:00	11.977	6.204	0.0762	-0.0222
1288	4/5/2017 0:00	10.761	6.128	0.0752	-0.024
1289	4/5/2017 1:00	10.565	7.318	0.0745	-0.0247
1290	4/5/2017 2:00	9.977	7.066	0.0745	-0.0259
1291	4/5/2017 3:00	9.509	6.661	0.0738	-0.0265
1292	4/5/2017 4:00	9.04	6.382	0.0732	-0.0278
1293	4/5/2017 5:00	8.841	6.331	0.0732	-0.0278
1294	4/5/2017 6:00	8.095	5.308	0.0725	-0.0278
1295	4/5/2017 7:00	7.519	4.584	0.0722	-0.0284
1296	4/5/2017 8:00	7.444	4.792	0.0722	-0.0297
1297	4/5/2017 9:00	7.67	5.411	0.0722	-0.0297
1298	4/5/2017 10:00	14.05	13.882	0.0738	-0.0259
1299	4/5/2017 11:00	26.916	27.259	0.0781	-0.0191
1300	4/5/2017 12:00	42.031	38.282	0.0829	-0.0115
1301	4/5/2017 13:00	47.19	40.688	0.0869	-0.0097
1302	4/5/2017 14:00	52.059	43.616	0.0896	-0.0063
1303	4/5/2017 15:00	54	42.564	0.092	-0.0063
1304	4/5/2017 16:00	49.922	42.208	0.092	-0.0086
1305	4/5/2017 17:00	45.687	42.386	0.092	-0.0115
1306	4/5/2017 18:00	36.933	37.838	0.0902	-0.0138
1307	4/5/2017 19:00	29.315	33.209	0.0869	-0.0156
1308	4/5/2017 20:00	24.871	23.593	0.0829	-0.0173
1309	4/5/2017 21:00	20.984	18.081	0.0803	-0.0203
1310	4/5/2017 22:00	16.153	10.418	0.0768	-0.0228
1311	4/5/2017 23:00	14.242	10.271	0.0758	-0.0247
1312	4/6/2017 0:00	12.461	8.643	0.0738	-0.0265
1313	4/6/2017 1:00	12.268	9.731	0.0732	-0.0278
1314	4/6/2017 2:00	11.565	8.444	0.0725	-0.0284
1315	4/6/2017 3:00	10.32	7.041	0.0722	-0.0297
1316	4/6/2017 4:00	11.224	10.001	0.0722	-0.0284
1317	4/6/2017 5:00	12.195	11.2	0.0722	-0.0284
1318	4/6/2017 6:00	13.618	13.112	0.0725	-0.0278
1319	4/6/2017 7:00	11.2	8.494	0.0715	-0.0284
1320	4/6/2017 8:00	13.81	13.401	0.0725	-0.0278
1321	4/6/2017 9:00	12.847	10.932	0.0722	-0.0284
1322	4/6/2017 10:00	15.843	15.819	0.0732	-0.0278
1323	4/6/2017 11:00	17.582	16.392	0.0745	-0.0265
1324	4/6/2017 12:00	20.365	20.198	0.0762	-0.0259
1325	4/6/2017 13:00	24.074	24.267	0.0775	-0.024
1326	4/6/2017 14:00	31.663	32.355	0.0794	-0.0222
1327	4/6/2017 15:00	30.748	26.158	0.081	-0.0203
1328	4/6/2017 16:00	27.431	23.954	0.0797	-0.021
1329	4/6/2017 17:00	29.165	24.75	0.0794	-0.021
1330	4/6/2017 18:00	28.468	25.963	0.0803	-0.021
1331	4/6/2017 19:00	26.94	24.195	0.0794	-0.0222
1332	4/6/2017 20:00	23.184	25.258	0.0794	-0.0228
1333	4/6/2017 21:00	18.319	16.511	0.0758	-0.0259
1334	4/6/2017 22:00	15.318	13.786	0.0738	-0.0278
1335	4/6/2017 23:00	14.457	13.522	0.0732	-0.0284
1336	4/7/2017 0:00	13.618	12.437	0.0722	-0.0297
1337	4/7/2017 1:00	13.546	12.968	0.0722	-0.0303
1338	4/7/2017 2:00	12.968	12.34	0.0708	-0.0303
1339	4/7/2017 3:00	12.896	12.243	0.0708	-0.0303
1340	4/7/2017 4:00	12.389	11.467	0.0708	-0.0316
1341	4/7/2017 5:00	11.88	10.907	0.0702	-0.0323
1342	4/7/2017 6:00	11.394	10.467	0.0702	-0.0323
1343	4/7/2017 7:00	10.907	10.271	0.0695	-0.0329
1344	4/7/2017 8:00	11.175	10.858	0.0695	-0.0329
1345	4/7/2017 9:00	11.686	11.175	0.0691	-0.0342
1346	4/7/2017 10:00	17.605	17.344	0.0715	-0.0316
1347	4/7/2017 11:00	27.702	23.521	0.0745	-0.0278
1348	4/7/2017 12:00	38.476	31.433	0.0781	-0.0228
1349	4/7/2017 13:00	36.715	29.715	0.0803	-0.021
1350	4/7/2017 14:00	27.259	23.881	0.0781	-0.0247
1351	4/7/2017 15:00	26.451	24.122	0.0781	-0.0247
1352	4/7/2017 16:00	29.065	25.695	0.081	-0.024
1353	4/7/2017 17:00	29.24	25.793	0.081	-0.0247
1354	4/7/2017 18:00	28.642	30.621	0.0816	-0.0247
1355	4/7/2017 19:00	22.321	21.724	0.0787	-0.0265
1356	4/7/2017 20:00	19.532	17.867	0.0768	-0.0284
1357	4/7/2017 21:00	15.963	14.218	0.0745	-0.0316
1358	4/7/2017 22:00	12.92	11.102	0.0725	-0.0329
1359	4/7/2017 23:00	10.345	8.444	0.0725	-0.0342
1360	4/8/2017 0:00	11.321	10.59	0.0758	-0.0329
1361	4/8/2017 1:00	11.248	10.369	0.0752	-0.0329
1362	4/8/2017 2:00	11.686	10.98	0.0745	-0.0323
1363	4/8/2017 3:00	9.829	8.519	0.0752	-0.0329
1364	4/8/2017 4:00	8.469	6.509	0.0738	-0.0342
1365	4/8/2017 5:00	7.569	5.565	0.0738	-0.0349
1366	4/8/2017 6:00	6.611	4.428	0.0725	-0.0362
1367	4/8/2017 7:00	6.102	4.636	0.0725	-0.0369
1368	4/8/2017 8:00	5.668	3.88	0.0722	-0.0382
1369	4/8/2017 9:00	6.077	4.324	0.0722	-0.0382
1370	4/8/2017 10:00	12.219	11.734	0.0738	-0.0323
1371	4/8/2017 11:00	20.46	16.606	0.0738	-0.0297
1372	4/8/2017 12:00	36.417	25.647	0.0781	-0.021
1373	4/8/2017 13:00	46.641	33.183	0.0816	-0.0173
1374	4/8/2017 14:00	52.964	34.492	0.0844	-0.015
1375	4/8/2017 15:00	53.59	37.563	0.0875	-0.0138
1376	4/8/2017 16:00	52.059	39.943	0.0887	-0.0156
1377	4/8/2017 17:00	43.344	32.355	0.0869	-0.0203
1378	4/8/2017 18:00	31.026	30.369	0.0857	-0.0247
1379	4/8/2017 19:00	25.21	25.428	0.0816	-0.0265
1380	4/8/2017 20:00	14.96	11.589	0.0768	-0.0316
1381	4/8/2017 21:00	11.394	7.242	0.0725	-0.0342
1382	4/8/2017 22:00	10.222	6.458	0.0715	-0.0349
1383	4/8/2017 23:00	7.217	3.459	0.0691	-0.0362
1384	4/9/2017 0:00	6.077	3.38	0.0691	-0.0382
1385	4/9/2017 1:00	4.324	0.852	0.0678	-0.0402
1386	4/9/2017 2:00	2.823	-2.859	0.0671	-0.0409
1387	4/9/2017 3:00	1.317	-4.016	0.0653	-0.043
1388	4/9/2017 4:00	0.687	-3.896	0.0653	-0.0436
1389	4/9/2017 5:00	1.18	-3.035	0.0646	-0.0436
1390	4/9/2017 6:00	2.209	-0.479	0.0653	-0.0436
1391	4/9/2017 7:00	4.558	2.343	0.066	-0.043
1392	4/9/2017 8:00	5.257	2.77	0.0664	-0.0416
1393	4/9/2017 9:00	6.179	4.063	0.0678	-0.0416
1394	4/9/2017 10:00	9.509	7.87	0.0684	-0.0402
1395	4/9/2017 11:00	14.816	11.565	0.0702	-0.0382
1396	4/9/2017 12:00	20.507	14.792	0.0722	-0.0342
1397	4/9/2017 13:00	42.356	30.545	0.0787	-0.0247
1398	4/9/2017 14:00	51.809	37.425	0.0829	-0.0203
1399	4/9/2017 15:00	54.83	35.797	0.0863	-0.0173
1400	4/9/2017 16:00	52.564	38.449	0.0869	-0.0191
1401	4/9/2017 17:00	43.89	39.093	0.0869	-0.0228
1402	4/9/2017 18:00	32.51	32.433	0.0863	-0.0265
1403	4/9/2017 19:00	22.106	26.304	0.0822	-0.0297
1404	4/9/2017 20:00	16.892	16.654	0.0768	-0.0316
1405	4/9/2017 21:00	13.642	9.903	0.0732	-0.0342
1406	4/9/2017 22:00	9.312	3.854	0.0708	-0.0369
1407	4/9/2017 23:00	6.864	1.126	0.0684	-0.0389
1408	4/10/2017 0:00	5.668	1.18	0.0671	-0.0409
1409	4/10/2017 1:00	4.973	0.412	0.0671	-0.0416
1410	4/10/2017 2:00	4.272	0.412	0.0664	-0.043
1411	4/10/2017 3:00	4.246	0.852	0.066	-0.043
1412	4/10/2017 4:00	3.459	-0.283	0.0653	-0.0436
1413	4/10/2017 5:00	3.248	-0.367	0.0646	-0.045
1414	4/10/2017 6:00	2.37	-1.299	0.0632	-0.0457
1415	4/10/2017 7:00	1.805	-1.641	0.0632	-0.0457
1416	4/10/2017 8:00	1.126	-2.247	0.0628	-0.0471
1417	4/10/2017 9:00	1.778	-1.327	0.0632	-0.0471
1418	4/10/2017 10:00	10.663	10.198	0.0664	-0.0409
1419	4/10/2017 11:00	29.215	18.675	0.0702	-0.0316
1420	4/10/2017 12:00	40.717	28.221	0.0745	-0.0265
1421	4/10/2017 13:00	50.404	32.691	0.0794	-0.021
1422	4/10/2017 14:00	56.5	35.075	0.0835	-0.0185
1423	4/10/2017 15:00	57.786	36.606	0.0863	-0.0173
1424	4/10/2017 16:00	55.793	38.728	0.0875	-0.0191
1425	4/10/2017 17:00	48.073	33.574	0.0869	-0.0222
1426	4/10/2017 18:00	35.985	31.663	0.0863	-0.0265
1427	4/10/2017 19:00	24.267	26.28	0.0816	-0.0303
1428	4/10/2017 20:00	19.199	18.985	0.0775	-0.0323
1429	4/10/2017 21:00	15.103	11.734	0.0738	-0.0342
1430	4/10/2017 22:00	11.127	6.94	0.0708	-0.0382
1431	4/10/2017 23:00	8.693	3.459	0.0691	-0.0389
1432	4/11/2017 0:00	6.839	1.126	0.0671	-0.0409
1433	4/11/2017 1:00	7.569	4.115	0.066	-0.0416
1434	4/11/2017 2:00	6.077	2.047	0.0653	-0.043
1435	4/11/2017 3:00	5.745	2.262	0.0639	-0.0436
1436	4/11/2017 4:00	6.128	2.903	0.0646	-0.0436
1437	4/11/2017 5:00	5.024	1.994	0.0639	-0.0436
1438	4/11/2017 6:00	4.947	2.45	0.0632	-0.045
1439	4/11/2017 7:00	4.22	0.88	0.0632	-0.0457
1440	4/11/2017 8:00	3.221	-0.902	0.0639	-0.0457
1441	4/11/2017 9:00	4.818	2.074	0.0639	-0.0457
1442	4/11/2017 10:00	14.385	13.93	0.0671	-0.0402
1443	4/11/2017 11:00	23.208	21.939	0.0715	-0.0349
1444	4/11/2017 12:00	20.603	17.534	0.0715	-0.0362
1445	4/11/2017 13:00	28.345	25.914	0.0745	-0.0329
1446	4/11/2017 14:00	44.043	31.357	0.0787	-0.0278
1447	4/11/2017 15:00	56.303	36.633	0.0841	-0.021
1448	4/11/2017 16:00	56.067	39.375	0.0863	-0.021
